0, p12, pan, 209, 0.02968
1, p12, zoom, 1, 0.00014
2, p12, pan, 44, 0.00625
3, p12, clear, 1, 0.00014
4, p12, pan, 1, 0.00014
5, p12, clear, 1, 0.00014
6, p12, pan, 8, 0.00114
7, p12, zoom, 1, 0.00014
8, p12, pan, 5, 0.00071
9, p12, clear, 1, 0.00014
10, p12, pan, 1, 0.00014
11, p12, clear, 1, 0.00014
12, p12, pan, 76, 0.01079
13, p12, zoom, 1, 0.00014
14, p12, pan, 5, 0.00071
15, p12, clear, 1, 0.00014
16, p12, pan, 1, 0.00014
17, p12, zoom, 1, 0.00014
18, p12, pan, 44, 0.00625
19, p12, clear, 1, 0.00014
20, p12, brush, 1, 0.00014
21, p12, clear, 1, 0.00014
22, p12, brush, 7, 0.00099
23, p12, clear, 1, 0.00014
24, p12, brush, 3, 0.00043
25, p12, clear, 1, 0.00014
26, p12, brush, 68, 0.00966
27, p12, clear, 1, 0.00014
28, p12, brush, 24, 0.00341
29, p12, clear, 1, 0.00014
30, p12, brush, 24, 0.00341
31, p12, clear, 1, 0.00014
32, p12, brush, 50, 0.00710
33, p12, clear, 1, 0.00014
34, p12, brush, 7, 0.00099
35, p12, clear, 1, 0.00014
36, p12, brush, 26, 0.00369
37, p12, clear, 1, 0.00014
38, p12, brush, 2, 0.00028
39, p12, clear, 1, 0.00014
40, p12, brush, 63, 0.00895
41, p12, clear, 1, 0.00014
42, p12, brush, 12, 0.00170
43, p12, clear, 1, 0.00014
44, p12, brush, 10, 0.00142
45, p12, clear, 1, 0.00014
46, p12, brush, 11, 0.00156
47, p12, clear, 1, 0.00014
48, p12, brush, 29, 0.00412
49, p12, range select, 19, 0.00270
50, p12, clear, 1, 0.00014
51, p12, pan, 332, 0.04715
52, p12, zoom, 1, 0.00014
53, p12, pan, 1, 0.00014
54, p12, clear, 1, 0.00014
55, p12, pan, 1, 0.00014
56, p12, zoom, 1, 0.00014
57, p12, pan, 28, 0.00398
58, p12, zoom, 1, 0.00014
59, p12, pan, 1, 0.00014
60, p12, zoom, 1, 0.00014
61, p12, pan, 15, 0.00213
62, p12, zoom, 1, 0.00014
63, p12, pan, 7, 0.00099
64, p12, zoom, 1, 0.00014
65, p12, pan, 12, 0.00170
66, p12, zoom, 1, 0.00014
67, p12, pan, 13, 0.00185
68, p12, zoom, 1, 0.00014
69, p12, pan, 10, 0.00142
70, p12, range select, 27, 0.00383
71, p12, clear, 1, 0.00014
72, p12, range select, 10, 0.00142
73, p12, pan, 1, 0.00014
74, p12, zoom, 1, 0.00014
75, p12, pan, 1, 0.00014
76, p12, zoom, 1, 0.00014
77, p12, pan, 1, 0.00014
78, p12, range select, 7, 0.00099
79, p12, pan, 1, 0.00014
80, p12, range select, 15, 0.00213
81, p12, pan, 1, 0.00014
82, p12, zoom, 1, 0.00014
83, p12, pan, 1, 0.00014
84, p12, zoom, 1, 0.00014
85, p12, pan, 1, 0.00014
86, p12, zoom, 1, 0.00014
87, p12, pan, 1, 0.00014
88, p12, zoom, 1, 0.00014
89, p12, pan, 1, 0.00014
90, p12, zoom, 1, 0.00014
91, p12, pan, 1, 0.00014
92, p12, zoom, 1, 0.00014
93, p12, pan, 1, 0.00014
94, p12, zoom, 1, 0.00014
95, p12, pan, 1, 0.00014
96, p12, zoom, 1, 0.00014
97, p12, pan, 36, 0.00511
98, p12, clear, 1, 0.00014
99, p12, brush, 19, 0.00270
100, p12, clear, 1, 0.00014
101, p12, pan, 102, 0.01448
102, p12, clear, 1, 0.00014
103, p12, brush, 10, 0.00142
104, p12, clear, 1, 0.00014
105, p12, brush, 18, 0.00256
106, p12, clear, 1, 0.00014
107, p12, pan, 22, 0.00312
108, p12, clear, 1, 0.00014
109, p12, brush, 49, 0.00696
110, p12, pan, 10, 0.00142
111, p12, clear, 1, 0.00014
112, p12, brush, 36, 0.00511
113, p12, clear, 1, 0.00014
114, p12, pan, 7, 0.00099
115, p12, clear, 1, 0.00014
116, p12, pan, 1, 0.00014
117, p12, zoom, 1, 0.00014
118, p12, pan, 9, 0.00128
119, p12, zoom, 1, 0.00014
120, p12, pan, 6, 0.00085
121, p12, zoom, 1, 0.00014
122, p12, pan, 8, 0.00114
123, p12, range select, 7, 0.00099
124, p12, clear, 1, 0.00014
125, p12, range select, 17, 0.00241
126, p12, clear, 1, 0.00014
127, p12, range select, 14, 0.00199
128, p12, clear, 1, 0.00014
129, p12, pan, 1, 0.00014
130, p12, zoom, 1, 0.00014
131, p12, pan, 1, 0.00014
132, p12, zoom, 1, 0.00014
133, p12, pan, 1, 0.00014
134, p12, zoom, 1, 0.00014
135, p12, pan, 29, 0.00412
136, p12, clear, 1, 0.00014
137, p12, brush, 49, 0.00696
138, p12, clear, 1, 0.00014
139, p12, pan, 48, 0.00682
140, p12, clear, 1, 0.00014
141, p12, brush, 8, 0.00114
142, p12, clear, 1, 0.00014
143, p12, brush, 29, 0.00412
144, p12, clear, 1, 0.00014
145, p12, brush, 15, 0.00213
146, p12, clear, 1, 0.00014
147, p12, brush, 24, 0.00341
148, p12, clear, 1, 0.00014
149, p12, brush, 15, 0.00213
150, p12, pan, 1, 0.00014
151, p12, zoom, 1, 0.00014
152, p12, pan, 18, 0.00256
153, p12, clear, 1, 0.00014
154, p12, brush, 4, 0.00057
155, p12, pan, 31, 0.00440
156, p12, clear, 1, 0.00014
157, p12, range select, 15, 0.00213
158, p12, pan, 10, 0.00142
159, p12, range select, 21, 0.00298
160, p12, clear, 1, 0.00014
161, p12, brush, 1, 0.00014
162, p12, clear, 1, 0.00014
163, p12, pan, 1, 0.00014
164, p12, zoom, 1, 0.00014
165, p12, pan, 11, 0.00156
166, p12, range select, 15, 0.00213
167, p12, clear, 1, 0.00014
168, p12, range select, 15, 0.00213
169, p12, clear, 1, 0.00014
170, p12, range select, 8, 0.00114
171, p12, clear, 1, 0.00014
172, p12, pan, 27, 0.00383
173, p12, zoom, 1, 0.00014
174, p12, pan, 1, 0.00014
175, p12, zoom, 1, 0.00014
176, p12, pan, 7, 0.00099
177, p12, range select, 15, 0.00213
178, p12, clear, 1, 0.00014
179, p12, range select, 7, 0.00099
180, p12, clear, 1, 0.00014
181, p12, pan, 1, 0.00014
182, p12, zoom, 1, 0.00014
183, p12, pan, 1, 0.00014
184, p12, zoom, 1, 0.00014
185, p12, pan, 1, 0.00014
186, p12, zoom, 1, 0.00014
187, p12, pan, 45, 0.00639
188, p12, zoom, 1, 0.00014
189, p12, pan, 8, 0.00114
190, p12, clear, 1, 0.00014
191, p12, pan, 1, 0.00014
192, p12, zoom, 1, 0.00014
193, p12, pan, 1, 0.00014
194, p12, zoom, 1, 0.00014
195, p12, pan, 20, 0.00284
196, p12, clear, 1, 0.00014
197, p12, pan, 1, 0.00014
198, p12, zoom, 1, 0.00014
199, p12, pan, 10, 0.00142
200, p12, range select, 3, 0.00043
201, p12, clear, 1, 0.00014
202, p12, brush, 2, 0.00028
203, p12, clear, 1, 0.00014
204, p12, brush, 1, 0.00014
205, p12, clear, 1, 0.00014
206, p12, pan, 1, 0.00014
207, p12, zoom, 1, 0.00014
208, p12, pan, 51, 0.00724
209, p12, clear, 1, 0.00014
210, p12, pan, 1, 0.00014
211, p12, zoom, 1, 0.00014
212, p12, pan, 58, 0.00824
213, p12, clear, 1, 0.00014
214, p12, pan, 1, 0.00014
215, p12, zoom, 1, 0.00014
216, p12, pan, 1, 0.00014
217, p12, zoom, 1, 0.00014
218, p12, pan, 15, 0.00213
219, p12, zoom, 1, 0.00014
220, p12, pan, 1, 0.00014
221, p12, zoom, 1, 0.00014
222, p12, pan, 1, 0.00014
223, p12, zoom, 1, 0.00014
224, p12, pan, 6, 0.00085
225, p12, zoom, 1, 0.00014
226, p12, pan, 9, 0.00128
227, p12, zoom, 1, 0.00014
228, p12, pan, 46, 0.00653
229, p12, zoom, 1, 0.00014
230, p12, pan, 7, 0.00099
231, p12, clear, 1, 0.00014
232, p12, pan, 1, 0.00014
233, p12, zoom, 1, 0.00014
234, p12, pan, 93, 0.01321
235, p12, clear, 1, 0.00014
236, p12, pan, 1, 0.00014
237, p12, zoom, 1, 0.00014
238, p12, pan, 1, 0.00014
239, p12, clear, 1, 0.00014
240, p12, pan, 1, 0.00014
241, p12, zoom, 1, 0.00014
242, p12, pan, 14, 0.00199
243, p12, zoom, 1, 0.00014
244, p12, pan, 198, 0.02812
245, p12, zoom, 1, 0.00014
246, p12, pan, 1, 0.00014
247, p12, zoom, 1, 0.00014
248, p12, pan, 27, 0.00383
249, p12, zoom, 1, 0.00014
250, p12, pan, 7, 0.00099
251, p12, range select, 1, 0.00014
252, p12, clear, 1, 0.00014
253, p12, range select, 9, 0.00128
254, p12, pan, 1, 0.00014
255, p12, zoom, 1, 0.00014
256, p12, pan, 1, 0.00014
257, p12, zoom, 1, 0.00014
258, p12, pan, 1, 0.00014
259, p12, zoom, 1, 0.00014
260, p12, pan, 1, 0.00014
261, p12, clear, 1, 0.00014
262, p12, brush, 1, 0.00014
263, p12, pan, 370, 0.05254
264, p12, clear, 1, 0.00014
265, p12, brush, 1, 0.00014
266, p12, clear, 1, 0.00014
267, p12, pan, 124, 0.01761
268, p12, clear, 1, 0.00014
269, p12, pan, 41, 0.00582
270, p12, zoom, 1, 0.00014
271, p12, pan, 50, 0.00710
272, p12, zoom, 1, 0.00014
273, p12, pan, 1, 0.00014
274, p12, zoom, 1, 0.00014
275, p12, pan, 36, 0.00511
276, p12, clear, 1, 0.00014
277, p12, pan, 1, 0.00014
278, p12, clear, 1, 0.00014
279, p12, pan, 1, 0.00014
280, p12, clear, 1, 0.00014
281, p12, pan, 7, 0.00099
282, p12, clear, 1, 0.00014
283, p12, brush, 3, 0.00043
284, p12, range select, 1, 0.00014
285, p12, pan, 156, 0.02215
286, p12, zoom, 1, 0.00014
287, p12, pan, 9, 0.00128
288, p12, zoom, 1, 0.00014
289, p12, pan, 7, 0.00099
290, p12, zoom, 1, 0.00014
291, p12, pan, 1, 0.00014
292, p12, zoom, 1, 0.00014
293, p12, pan, 148, 0.02102
294, p12, range select, 1, 0.00014
295, p12, pan, 303, 0.04303
296, p12, range select, 4, 0.00057
297, p12, pan, 86, 0.01221
298, p12, range select, 1, 0.00014
299, p12, pan, 18, 0.00256
300, p12, range select, 1, 0.00014
301, p12, pan, 26, 0.00369
302, p12, range select, 14, 0.00199
303, p12, pan, 51, 0.00724
304, p12, range select, 44, 0.00625
305, p12, pan, 25, 0.00355
306, p12, range select, 1, 0.00014
307, p12, pan, 60, 0.00852
308, p12, range select, 6, 0.00085
309, p12, pan, 17, 0.00241
310, p12, clear, 1, 0.00014
311, p12, pan, 156, 0.02215
312, p12, clear, 1, 0.00014
313, p12, pan, 1, 0.00014
314, p12, zoom, 1, 0.00014
315, p12, pan, 1, 0.00014
316, p12, zoom, 1, 0.00014
317, p12, pan, 49, 0.00696
318, p12, range select, 10, 0.00142
319, p12, pan, 1, 0.00014
320, p12, zoom, 1, 0.00014
321, p12, pan, 1, 0.00014
322, p12, zoom, 1, 0.00014
323, p12, pan, 1, 0.00014
324, p12, range select, 21, 0.00298
325, p12, clear, 1, 0.00014
326, p12, range select, 15, 0.00213
327, p12, pan, 22, 0.00312
328, p12, range select, 15, 0.00213
329, p12, pan, 24, 0.00341
330, p12, range select, 18, 0.00256
331, p12, clear, 1, 0.00014
332, p12, pan, 80, 0.01136
333, p12, clear, 1, 0.00014
334, p12, brush, 24, 0.00341
335, p12, clear, 1, 0.00014
336, p12, brush, 22, 0.00312
337, p12, clear, 1, 0.00014
338, p12, brush, 43, 0.00611
339, p12, range select, 18, 0.00256
340, p12, clear, 1, 0.00014
341, p12, brush, 1, 0.00014
342, p12, clear, 1, 0.00014
343, p12, pan, 85, 0.01207
344, p12, range select, 15, 0.00213
345, p12, pan, 46, 0.00653
346, p12, zoom, 1, 0.00014
347, p12, pan, 1, 0.00014
348, p12, zoom, 1, 0.00014
349, p12, pan, 8, 0.00114
350, p12, range select, 40, 0.00568
351, p12, clear, 1, 0.00014
352, p12, brush, 10, 0.00142
353, p12, clear, 1, 0.00014
354, p12, brush, 18, 0.00256
355, p12, clear, 1, 0.00014
356, p12, brush, 1, 0.00014
357, p12, clear, 1, 0.00014
358, p12, brush, 134, 0.01903
359, p12, clear, 1, 0.00014
360, p12, brush, 6, 0.00085
361, p12, clear, 1, 0.00014
362, p12, brush, 4, 0.00057
363, p12, clear, 1, 0.00014
364, p12, brush, 1, 0.00014
365, p12, clear, 1, 0.00014
366, p12, pan, 1, 0.00014
367, p12, zoom, 1, 0.00014
368, p12, pan, 1, 0.00014
369, p12, zoom, 1, 0.00014
370, p12, pan, 88, 0.01250
371, p12, clear, 1, 0.00014
372, p12, pan, 1, 0.00014
373, p12, zoom, 1, 0.00014
374, p12, pan, 24, 0.00341
375, p12, zoom, 1, 0.00014
376, p12, pan, 23, 0.00327
377, p12, range select, 15, 0.00213
378, p12, pan, 1, 0.00014
379, p12, zoom, 1, 0.00014
380, p12, pan, 1, 0.00014
381, p12, zoom, 1, 0.00014
382, p12, pan, 103, 0.01463
383, p12, zoom, 1, 0.00014
384, p12, pan, 46, 0.00653
385, p12, zoom, 1, 0.00014
386, p12, pan, 72, 0.01022
387, p12, zoom, 1, 0.00014
388, p12, pan, 1, 0.00014
389, p12, zoom, 1, 0.00014
390, p12, pan, 52, 0.00738
391, p12, zoom, 1, 0.00014
392, p12, pan, 1, 0.00014
393, p12, zoom, 1, 0.00014
394, p12, pan, 10, 0.00142
395, p12, zoom, 1, 0.00014
396, p12, pan, 11, 0.00156
397, p12, zoom, 1, 0.00014
398, p12, pan, 12, 0.00170
399, p12, zoom, 1, 0.00014
400, p12, pan, 9, 0.00128
401, p12, zoom, 1, 0.00014
402, p12, pan, 1, 0.00014
403, p12, zoom, 1, 0.00014
404, p12, pan, 153, 0.02173
405, p12, range select, 19, 0.00270
406, p12, pan, 44, 0.00625
407, p12, zoom, 1, 0.00014
408, p12, pan, 1, 0.00014
409, p12, zoom, 1, 0.00014
410, p12, pan, 37, 0.00525
411, p12, zoom, 1, 0.00014
412, p12, pan, 25, 0.00355
413, p12, zoom, 1, 0.00014
414, p12, pan, 52, 0.00738
415, p12, range select, 12, 0.00170
416, p12, pan, 8, 0.00114
417, p12, zoom, 1, 0.00014
418, p12, pan, 1, 0.00014
419, p12, zoom, 1, 0.00014
420, p12, pan, 1, 0.00014
421, p12, zoom, 1, 0.00014
422, p12, pan, 27, 0.00383
423, p12, zoom, 1, 0.00014
424, p12, pan, 1, 0.00014
425, p12, zoom, 1, 0.00014
426, p12, pan, 1, 0.00014
427, p12, zoom, 1, 0.00014
428, p12, pan, 21, 0.00298
429, p12, zoom, 1, 0.00014
430, p12, pan, 1, 0.00014
431, p12, zoom, 1, 0.00014
432, p12, pan, 1, 0.00014
433, p12, zoom, 1, 0.00014
434, p12, pan, 36, 0.00511
435, p12, zoom, 1, 0.00014
436, p12, pan, 1, 0.00014
437, p12, zoom, 1, 0.00014
438, p12, pan, 6, 0.00085
439, p12, zoom, 1, 0.00014
440, p12, pan, 120, 0.01704
441, p12, zoom, 1, 0.00014
442, p12, pan, 1, 0.00014
443, p12, zoom, 1, 0.00014
444, p12, pan, 1, 0.00014
445, p12, zoom, 1, 0.00014
446, p12, pan, 7, 0.00099
447, p12, zoom, 1, 0.00014
448, p12, pan, 1, 0.00014
449, p12, zoom, 1, 0.00014
450, p12, pan, 35, 0.00497
451, p12, zoom, 1, 0.00014
452, p12, pan, 23, 0.00327
453, p12, clear, 1, 0.00014
454, p12, pan, 33, 0.00469
455, p12, zoom, 1, 0.00014
456, p12, pan, 1, 0.00014
457, p12, zoom, 1, 0.00014
458, p12, pan, 24, 0.00341
459, p12, clear, 1, 0.00014
460, p12, brush, 1, 0.00014
461, p12, clear, 1, 0.00014
462, p12, pan, 1, 0.00014
463, p12, zoom, 1, 0.00014
464, p12, pan, 17, 0.00241
465, p12, zoom, 1, 0.00014
466, p12, pan, 28, 0.00398
467, p12, zoom, 1, 0.00014
468, p12, pan, 26, 0.00369
469, p12, clear, 1, 0.00014
470, p12, pan, 1, 0.00014
471, p12, zoom, 1, 0.00014
472, p12, pan, 1, 0.00014
473, p12, zoom, 1, 0.00014
474, p12, pan, 4, 0.00057
475, p12, clear, 1, 0.00014
476, p12, pan, 1, 0.00014
477, p12, zoom, 1, 0.00014
478, p12, pan, 24, 0.00341
479, p12, zoom, 1, 0.00014
480, p12, pan, 55, 0.00781
481, p12, zoom, 1, 0.00014
482, p12, pan, 17, 0.00241
483, p12, zoom, 1, 0.00014
484, p12, pan, 8, 0.00114
485, p12, range select, 27, 0.00383
486, p12, pan, 1, 0.00014
487, p12, range select, 20, 0.00284
488, p12, clear, 1, 0.00014
489, p12, brush, 1, 0.00014
490, p12, pan, 1, 0.00014
491, p12, clear, 1, 0.00014
492, p12, brush, 1, 0.00014
493, p12, clear, 1, 0.00014
494, p12, pan, 1, 0.00014
495, p12, zoom, 1, 0.00014
496, p12, pan, 1, 0.00014
497, p12, zoom, 1, 0.00014
498, p12, pan, 1, 0.00014
499, p12, zoom, 1, 0.00014
500, p12, pan, 1, 0.00014
501, p12, zoom, 1, 0.00014
502, p12, pan, 85, 0.01207
503, p12, clear, 1, 0.00014
504, p12, pan, 1, 0.00014
505, p12, clear, 1, 0.00014
506, p12, pan, 43, 0.00611
507, p12, clear, 1, 0.00014
508, p12, brush, 13, 0.00185
509, p12, clear, 1, 0.00014
510, p12, brush, 22, 0.00312
511, p12, clear, 1, 0.00014
512, p12, brush, 23, 0.00327
513, p12, clear, 1, 0.00014
514, p12, brush, 1, 0.00014
515, p12, clear, 1, 0.00014
0, p13, brush, 25, 0.00977
1, p13, clear, 1, 0.00039
2, p13, brush, 2, 0.00078
3, p13, clear, 1, 0.00039
4, p13, brush, 4, 0.00156
5, p13, clear, 1, 0.00039
6, p13, brush, 1, 0.00039
7, p13, clear, 1, 0.00039
8, p13, pan, 106, 0.04141
9, p13, clear, 1, 0.00039
10, p13, brush, 2, 0.00078
11, p13, clear, 1, 0.00039
12, p13, pan, 26, 0.01016
13, p13, zoom, 1, 0.00039
14, p13, pan, 1, 0.00039
15, p13, zoom, 1, 0.00039
16, p13, pan, 1, 0.00039
17, p13, zoom, 1, 0.00039
18, p13, pan, 54, 0.02109
19, p13, zoom, 1, 0.00039
20, p13, pan, 10, 0.00391
21, p13, zoom, 1, 0.00039
22, p13, pan, 1, 0.00039
23, p13, zoom, 1, 0.00039
24, p13, pan, 12, 0.00469
25, p13, clear, 1, 0.00039
26, p13, pan, 5, 0.00195
27, p13, zoom, 1, 0.00039
28, p13, pan, 1, 0.00039
29, p13, zoom, 1, 0.00039
30, p13, pan, 12, 0.00469
31, p13, clear, 1, 0.00039
32, p13, pan, 1, 0.00039
33, p13, zoom, 1, 0.00039
34, p13, pan, 1, 0.00039
35, p13, zoom, 1, 0.00039
36, p13, pan, 15, 0.00586
37, p13, zoom, 1, 0.00039
38, p13, pan, 1, 0.00039
39, p13, zoom, 1, 0.00039
40, p13, pan, 16, 0.00625
41, p13, clear, 1, 0.00039
42, p13, pan, 1, 0.00039
43, p13, zoom, 1, 0.00039
44, p13, pan, 1, 0.00039
45, p13, zoom, 1, 0.00039
46, p13, pan, 1, 0.00039
47, p13, zoom, 1, 0.00039
48, p13, pan, 15, 0.00586
49, p13, zoom, 1, 0.00039
50, p13, pan, 1, 0.00039
51, p13, zoom, 1, 0.00039
52, p13, pan, 17, 0.00664
53, p13, zoom, 1, 0.00039
54, p13, pan, 1, 0.00039
55, p13, zoom, 1, 0.00039
56, p13, pan, 1, 0.00039
57, p13, zoom, 1, 0.00039
58, p13, pan, 1, 0.00039
59, p13, zoom, 1, 0.00039
60, p13, pan, 1, 0.00039
61, p13, zoom, 1, 0.00039
62, p13, pan, 8, 0.00313
63, p13, zoom, 1, 0.00039
64, p13, pan, 1, 0.00039
65, p13, zoom, 1, 0.00039
66, p13, pan, 1, 0.00039
67, p13, zoom, 1, 0.00039
68, p13, pan, 1, 0.00039
69, p13, zoom, 1, 0.00039
70, p13, pan, 1, 0.00039
71, p13, zoom, 1, 0.00039
72, p13, pan, 1, 0.00039
73, p13, zoom, 1, 0.00039
74, p13, pan, 45, 0.01758
75, p13, zoom, 1, 0.00039
76, p13, pan, 1, 0.00039
77, p13, zoom, 1, 0.00039
78, p13, pan, 1, 0.00039
79, p13, zoom, 1, 0.00039
80, p13, pan, 19, 0.00742
81, p13, range select, 14, 0.00547
82, p13, pan, 1, 0.00039
83, p13, zoom, 1, 0.00039
84, p13, pan, 1, 0.00039
85, p13, zoom, 1, 0.00039
86, p13, pan, 1, 0.00039
87, p13, zoom, 1, 0.00039
88, p13, pan, 134, 0.05234
89, p13, zoom, 1, 0.00039
90, p13, pan, 50, 0.01953
91, p13, range select, 1, 0.00039
92, p13, pan, 1, 0.00039
93, p13, zoom, 1, 0.00039
94, p13, pan, 1, 0.00039
95, p13, clear, 1, 0.00039
96, p13, brush, 2, 0.00078
97, p13, clear, 1, 0.00039
98, p13, pan, 59, 0.02305
99, p13, clear, 1, 0.00039
100, p13, brush, 1, 0.00039
101, p13, clear, 1, 0.00039
102, p13, brush, 13, 0.00508
103, p13, range select, 38, 0.01484
104, p13, clear, 1, 0.00039
105, p13, brush, 44, 0.01719
106, p13, range select, 1, 0.00039
107, p13, pan, 73, 0.02852
108, p13, zoom, 1, 0.00039
109, p13, pan, 1, 0.00039
110, p13, zoom, 1, 0.00039
111, p13, pan, 1, 0.00039
112, p13, zoom, 1, 0.00039
113, p13, pan, 1, 0.00039
114, p13, zoom, 1, 0.00039
115, p13, pan, 1, 0.00039
116, p13, zoom, 1, 0.00039
117, p13, pan, 1, 0.00039
118, p13, zoom, 1, 0.00039
119, p13, pan, 1, 0.00039
120, p13, zoom, 1, 0.00039
121, p13, pan, 1, 0.00039
122, p13, range select, 4, 0.00156
123, p13, pan, 1, 0.00039
124, p13, zoom, 1, 0.00039
125, p13, pan, 1, 0.00039
126, p13, zoom, 1, 0.00039
127, p13, pan, 1, 0.00039
128, p13, zoom, 1, 0.00039
129, p13, pan, 1, 0.00039
130, p13, zoom, 1, 0.00039
131, p13, pan, 1, 0.00039
132, p13, zoom, 1, 0.00039
133, p13, pan, 1, 0.00039
134, p13, zoom, 1, 0.00039
135, p13, pan, 1, 0.00039
136, p13, zoom, 1, 0.00039
137, p13, pan, 12, 0.00469
138, p13, range select, 20, 0.00781
139, p13, clear, 1, 0.00039
140, p13, brush, 13, 0.00508
141, p13, clear, 1, 0.00039
142, p13, brush, 1, 0.00039
143, p13, range select, 1, 0.00039
144, p13, pan, 54, 0.02109
145, p13, range select, 8, 0.00313
146, p13, pan, 1, 0.00039
147, p13, zoom, 1, 0.00039
148, p13, pan, 1, 0.00039
149, p13, zoom, 1, 0.00039
150, p13, pan, 1, 0.00039
151, p13, zoom, 1, 0.00039
152, p13, pan, 1, 0.00039
153, p13, zoom, 1, 0.00039
154, p13, pan, 1, 0.00039
155, p13, zoom, 1, 0.00039
156, p13, pan, 1, 0.00039
157, p13, zoom, 1, 0.00039
158, p13, pan, 1, 0.00039
159, p13, zoom, 1, 0.00039
160, p13, pan, 13, 0.00508
161, p13, range select, 7, 0.00273
162, p13, pan, 1, 0.00039
163, p13, clear, 1, 0.00039
164, p13, brush, 2, 0.00078
165, p13, clear, 1, 0.00039
166, p13, pan, 5, 0.00195
167, p13, clear, 1, 0.00039
168, p13, pan, 1, 0.00039
169, p13, clear, 1, 0.00039
170, p13, pan, 1, 0.00039
171, p13, clear, 1, 0.00039
172, p13, pan, 1, 0.00039
173, p13, clear, 1, 0.00039
174, p13, pan, 1, 0.00039
175, p13, brush, 1, 0.00039
176, p13, pan, 1, 0.00039
177, p13, brush, 1, 0.00039
178, p13, pan, 1, 0.00039
179, p13, brush, 1, 0.00039
180, p13, pan, 1, 0.00039
181, p13, brush, 1, 0.00039
182, p13, pan, 1, 0.00039
183, p13, clear, 1, 0.00039
184, p13, pan, 1, 0.00039
185, p13, clear, 1, 0.00039
186, p13, pan, 9, 0.00352
187, p13, range select, 12, 0.00469
188, p13, pan, 1, 0.00039
189, p13, zoom, 1, 0.00039
190, p13, pan, 1, 0.00039
191, p13, zoom, 1, 0.00039
192, p13, pan, 1, 0.00039
193, p13, zoom, 1, 0.00039
194, p13, pan, 1, 0.00039
195, p13, zoom, 1, 0.00039
196, p13, pan, 1, 0.00039
197, p13, range select, 177, 0.06914
198, p13, pan, 1, 0.00039
199, p13, zoom, 1, 0.00039
200, p13, pan, 1, 0.00039
201, p13, zoom, 1, 0.00039
202, p13, pan, 1, 0.00039
203, p13, zoom, 1, 0.00039
204, p13, pan, 1, 0.00039
205, p13, range select, 27, 0.01055
206, p13, pan, 61, 0.02383
207, p13, clear, 1, 0.00039
208, p13, brush, 3, 0.00117
209, p13, clear, 1, 0.00039
210, p13, pan, 96, 0.03750
211, p13, clear, 1, 0.00039
212, p13, brush, 32, 0.01250
213, p13, clear, 1, 0.00039
214, p13, brush, 1, 0.00039
215, p13, range select, 1, 0.00039
216, p13, clear, 1, 0.00039
217, p13, brush, 95, 0.03711
218, p13, clear, 1, 0.00039
219, p13, brush, 18, 0.00703
220, p13, clear, 1, 0.00039
221, p13, brush, 17, 0.00664
222, p13, range select, 33, 0.01289
223, p13, clear, 1, 0.00039
224, p13, brush, 31, 0.01211
225, p13, clear, 1, 0.00039
226, p13, brush, 23, 0.00898
227, p13, clear, 1, 0.00039
228, p13, brush, 46, 0.01797
229, p13, clear, 1, 0.00039
230, p13, brush, 10, 0.00391
231, p13, clear, 1, 0.00039
232, p13, brush, 16, 0.00625
233, p13, clear, 1, 0.00039
234, p13, brush, 30, 0.01172
235, p13, clear, 1, 0.00039
236, p13, brush, 7, 0.00273
237, p13, clear, 1, 0.00039
238, p13, brush, 47, 0.01836
239, p13, clear, 1, 0.00039
240, p13, brush, 12, 0.00469
241, p13, range select, 21, 0.00820
242, p13, clear, 1, 0.00039
243, p13, brush, 3, 0.00117
244, p13, range select, 1, 0.00039
245, p13, clear, 1, 0.00039
246, p13, brush, 1, 0.00039
247, p13, range select, 12, 0.00469
248, p13, clear, 1, 0.00039
249, p13, pan, 84, 0.03281
250, p13, zoom, 1, 0.00039
251, p13, pan, 17, 0.00664
252, p13, zoom, 1, 0.00039
253, p13, pan, 34, 0.01328
254, p13, zoom, 1, 0.00039
255, p13, pan, 42, 0.01641
256, p13, zoom, 1, 0.00039
257, p13, pan, 20, 0.00781
258, p13, zoom, 1, 0.00039
259, p13, pan, 1, 0.00039
260, p13, zoom, 1, 0.00039
261, p13, pan, 1, 0.00039
262, p13, zoom, 1, 0.00039
263, p13, pan, 1, 0.00039
264, p13, range select, 25, 0.00977
265, p13, pan, 21, 0.00820
266, p13, range select, 56, 0.02187
267, p13, pan, 122, 0.04766
268, p13, zoom, 1, 0.00039
269, p13, pan, 1, 0.00039
270, p13, zoom, 1, 0.00039
271, p13, pan, 89, 0.03477
272, p13, range select, 9, 0.00352
273, p13, pan, 2, 0.00078
274, p13, clear, 1, 0.00039
275, p13, brush, 1, 0.00039
276, p13, clear, 1, 0.00039
277, p13, pan, 1, 0.00039
278, p13, zoom, 1, 0.00039
279, p13, pan, 1, 0.00039
280, p13, zoom, 1, 0.00039
281, p13, pan, 1, 0.00039
282, p13, zoom, 1, 0.00039
283, p13, pan, 1, 0.00039
284, p13, clear, 1, 0.00039
285, p13, brush, 1, 0.00039
286, p13, clear, 1, 0.00039
287, p13, brush, 3, 0.00117
288, p13, clear, 1, 0.00039
289, p13, pan, 171, 0.06680
290, p13, brush, 1, 0.00039
291, p13, clear, 1, 0.00039
292, p13, brush, 1, 0.00039
293, p13, clear, 1, 0.00039
294, p13, brush, 3, 0.00117
295, p13, clear, 1, 0.00039
296, p13, brush, 10, 0.00391
0, p16, brush, 1, 0.00034
1, p16, clear, 1, 0.00034
2, p16, brush, 57, 0.01949
3, p16, clear, 1, 0.00034
4, p16, brush, 97, 0.03317
5, p16, clear, 1, 0.00034
6, p16, brush, 25, 0.00855
7, p16, clear, 1, 0.00034
8, p16, brush, 8, 0.00274
9, p16, clear, 1, 0.00034
10, p16, brush, 27, 0.00923
11, p16, clear, 1, 0.00034
12, p16, brush, 5, 0.00171
13, p16, clear, 1, 0.00034
14, p16, brush, 1, 0.00034
15, p16, clear, 1, 0.00034
16, p16, brush, 1, 0.00034
17, p16, range select, 2, 0.00068
18, p16, clear, 1, 0.00034
19, p16, brush, 22, 0.00752
20, p16, range select, 34, 0.01163
21, p16, clear, 1, 0.00034
22, p16, brush, 2, 0.00068
23, p16, clear, 1, 0.00034
24, p16, brush, 9, 0.00308
25, p16, clear, 1, 0.00034
26, p16, brush, 14, 0.00479
27, p16, range select, 56, 0.01915
28, p16, clear, 1, 0.00034
29, p16, brush, 1, 0.00034
30, p16, clear, 1, 0.00034
31, p16, range select, 76, 0.02599
32, p16, pan, 1, 0.00034
33, p16, zoom, 1, 0.00034
34, p16, pan, 1, 0.00034
35, p16, zoom, 1, 0.00034
36, p16, pan, 68, 0.02326
37, p16, clear, 1, 0.00034
38, p16, brush, 12, 0.00410
39, p16, clear, 1, 0.00034
40, p16, brush, 1, 0.00034
41, p16, clear, 1, 0.00034
42, p16, brush, 2, 0.00068
43, p16, clear, 1, 0.00034
44, p16, range select, 39, 0.01334
45, p16, clear, 1, 0.00034
46, p16, range select, 38, 0.01300
47, p16, clear, 1, 0.00034
48, p16, brush, 1, 0.00034
49, p16, clear, 1, 0.00034
50, p16, range select, 31, 0.01060
51, p16, clear, 1, 0.00034
52, p16, range select, 395, 0.13509
53, p16, clear, 1, 0.00034
54, p16, brush, 10, 0.00342
55, p16, clear, 1, 0.00034
56, p16, brush, 10, 0.00342
57, p16, clear, 1, 0.00034
58, p16, brush, 2, 0.00068
59, p16, clear, 1, 0.00034
60, p16, brush, 2, 0.00068
61, p16, range select, 15, 0.00513
62, p16, pan, 1, 0.00034
63, p16, zoom, 1, 0.00034
64, p16, pan, 1, 0.00034
65, p16, zoom, 1, 0.00034
66, p16, pan, 1, 0.00034
67, p16, range select, 2, 0.00068
68, p16, pan, 1, 0.00034
69, p16, zoom, 1, 0.00034
70, p16, pan, 1, 0.00034
71, p16, zoom, 1, 0.00034
72, p16, pan, 1, 0.00034
73, p16, zoom, 1, 0.00034
74, p16, pan, 1, 0.00034
75, p16, zoom, 1, 0.00034
76, p16, pan, 176, 0.06019
77, p16, clear, 1, 0.00034
78, p16, brush, 6, 0.00205
79, p16, clear, 1, 0.00034
80, p16, brush, 30, 0.01026
81, p16, clear, 1, 0.00034
82, p16, brush, 2, 0.00068
83, p16, clear, 1, 0.00034
84, p16, brush, 5, 0.00171
85, p16, clear, 1, 0.00034
86, p16, range select, 105, 0.03591
87, p16, clear, 1, 0.00034
88, p16, range select, 55, 0.01881
89, p16, pan, 128, 0.04378
90, p16, range select, 1, 0.00034
91, p16, pan, 41, 0.01402
92, p16, range select, 2, 0.00068
93, p16, clear, 1, 0.00034
94, p16, brush, 5, 0.00171
95, p16, clear, 1, 0.00034
96, p16, brush, 2, 0.00068
97, p16, range select, 1, 0.00034
98, p16, pan, 1, 0.00034
99, p16, zoom, 1, 0.00034
100, p16, pan, 1, 0.00034
101, p16, zoom, 1, 0.00034
102, p16, pan, 1, 0.00034
103, p16, zoom, 1, 0.00034
104, p16, pan, 1, 0.00034
105, p16, zoom, 1, 0.00034
106, p16, pan, 1, 0.00034
107, p16, zoom, 1, 0.00034
108, p16, pan, 1, 0.00034
109, p16, zoom, 1, 0.00034
110, p16, pan, 1, 0.00034
111, p16, zoom, 1, 0.00034
112, p16, pan, 1, 0.00034
113, p16, zoom, 1, 0.00034
114, p16, pan, 1, 0.00034
115, p16, zoom, 1, 0.00034
116, p16, pan, 1, 0.00034
117, p16, range select, 36, 0.01231
118, p16, clear, 1, 0.00034
119, p16, brush, 1, 0.00034
120, p16, clear, 1, 0.00034
121, p16, brush, 4, 0.00137
122, p16, range select, 44, 0.01505
123, p16, pan, 1, 0.00034
124, p16, zoom, 1, 0.00034
125, p16, pan, 1, 0.00034
126, p16, zoom, 1, 0.00034
127, p16, pan, 1, 0.00034
128, p16, zoom, 1, 0.00034
129, p16, pan, 1, 0.00034
130, p16, zoom, 1, 0.00034
131, p16, pan, 1, 0.00034
132, p16, zoom, 1, 0.00034
133, p16, pan, 77, 0.02633
134, p16, clear, 1, 0.00034
135, p16, brush, 1, 0.00034
136, p16, clear, 1, 0.00034
137, p16, brush, 1, 0.00034
138, p16, range select, 31, 0.01060
139, p16, pan, 1, 0.00034
140, p16, zoom, 1, 0.00034
141, p16, pan, 1, 0.00034
142, p16, zoom, 1, 0.00034
143, p16, pan, 17, 0.00581
144, p16, zoom, 1, 0.00034
145, p16, pan, 35, 0.01197
146, p16, zoom, 1, 0.00034
147, p16, pan, 62, 0.02120
148, p16, range select, 1, 0.00034
149, p16, clear, 1, 0.00034
150, p16, brush, 9, 0.00308
151, p16, range select, 1, 0.00034
152, p16, pan, 1, 0.00034
153, p16, zoom, 1, 0.00034
154, p16, pan, 1, 0.00034
155, p16, zoom, 1, 0.00034
156, p16, pan, 1, 0.00034
157, p16, zoom, 1, 0.00034
158, p16, pan, 1, 0.00034
159, p16, zoom, 1, 0.00034
160, p16, pan, 1, 0.00034
161, p16, clear, 1, 0.00034
162, p16, brush, 9, 0.00308
163, p16, clear, 1, 0.00034
164, p16, pan, 17, 0.00581
165, p16, clear, 1, 0.00034
166, p16, brush, 5, 0.00171
167, p16, clear, 1, 0.00034
168, p16, brush, 5, 0.00171
169, p16, clear, 1, 0.00034
170, p16, brush, 2, 0.00068
171, p16, clear, 1, 0.00034
172, p16, brush, 2, 0.00068
173, p16, clear, 1, 0.00034
174, p16, brush, 13, 0.00445
175, p16, clear, 1, 0.00034
176, p16, brush, 4, 0.00137
177, p16, clear, 1, 0.00034
178, p16, brush, 12, 0.00410
179, p16, clear, 1, 0.00034
180, p16, brush, 9, 0.00308
181, p16, clear, 1, 0.00034
182, p16, brush, 3, 0.00103
183, p16, range select, 16, 0.00547
184, p16, clear, 1, 0.00034
185, p16, brush, 8, 0.00274
186, p16, clear, 1, 0.00034
187, p16, brush, 11, 0.00376
188, p16, clear, 1, 0.00034
189, p16, brush, 9, 0.00308
190, p16, clear, 1, 0.00034
191, p16, brush, 7, 0.00239
192, p16, range select, 2, 0.00068
193, p16, clear, 1, 0.00034
194, p16, brush, 30, 0.01026
195, p16, clear, 1, 0.00034
196, p16, brush, 1, 0.00034
197, p16, clear, 1, 0.00034
198, p16, brush, 2, 0.00068
199, p16, clear, 1, 0.00034
200, p16, brush, 6, 0.00205
201, p16, clear, 1, 0.00034
202, p16, brush, 2, 0.00068
203, p16, clear, 1, 0.00034
204, p16, brush, 1, 0.00034
205, p16, clear, 1, 0.00034
206, p16, brush, 1, 0.00034
207, p16, clear, 1, 0.00034
208, p16, brush, 1, 0.00034
209, p16, clear, 1, 0.00034
210, p16, brush, 2, 0.00068
211, p16, clear, 1, 0.00034
212, p16, brush, 1, 0.00034
213, p16, clear, 1, 0.00034
214, p16, brush, 1, 0.00034
215, p16, range select, 1, 0.00034
216, p16, clear, 1, 0.00034
217, p16, brush, 14, 0.00479
218, p16, clear, 1, 0.00034
219, p16, range select, 72, 0.02462
220, p16, clear, 1, 0.00034
221, p16, range select, 13, 0.00445
222, p16, clear, 1, 0.00034
223, p16, brush, 4, 0.00137
224, p16, clear, 1, 0.00034
225, p16, brush, 1, 0.00034
226, p16, clear, 1, 0.00034
227, p16, pan, 1, 0.00034
228, p16, zoom, 1, 0.00034
229, p16, pan, 17, 0.00581
230, p16, zoom, 1, 0.00034
231, p16, pan, 30, 0.01026
232, p16, clear, 1, 0.00034
233, p16, pan, 1, 0.00034
234, p16, zoom, 1, 0.00034
235, p16, pan, 34, 0.01163
236, p16, range select, 47, 0.01607
237, p16, clear, 1, 0.00034
238, p16, brush, 3, 0.00103
239, p16, range select, 1, 0.00034
240, p16, pan, 150, 0.05130
241, p16, zoom, 1, 0.00034
242, p16, pan, 1, 0.00034
243, p16, zoom, 1, 0.00034
244, p16, pan, 1, 0.00034
245, p16, zoom, 1, 0.00034
246, p16, pan, 1, 0.00034
247, p16, clear, 1, 0.00034
248, p16, brush, 5, 0.00171
249, p16, clear, 1, 0.00034
250, p16, range select, 40, 0.01368
251, p16, pan, 1, 0.00034
252, p16, zoom, 1, 0.00034
253, p16, pan, 18, 0.00616
254, p16, zoom, 1, 0.00034
255, p16, pan, 1, 0.00034
256, p16, range select, 39, 0.01334
257, p16, clear, 1, 0.00034
258, p16, brush, 2, 0.00068
259, p16, clear, 1, 0.00034
260, p16, range select, 110, 0.03762
261, p16, pan, 1, 0.00034
262, p16, zoom, 1, 0.00034
263, p16, pan, 1, 0.00034
264, p16, zoom, 1, 0.00034
265, p16, pan, 1, 0.00034
266, p16, zoom, 1, 0.00034
267, p16, pan, 1, 0.00034
268, p16, zoom, 1, 0.00034
269, p16, pan, 34, 0.01163
270, p16, clear, 1, 0.00034
271, p16, brush, 15, 0.00513
272, p16, range select, 1, 0.00034
273, p16, clear, 1, 0.00034
274, p16, brush, 82, 0.02804
275, p16, clear, 1, 0.00034
276, p16, brush, 15, 0.00513
277, p16, clear, 1, 0.00034
278, p16, brush, 30, 0.01026
279, p16, clear, 1, 0.00034
280, p16, brush, 4, 0.00137
281, p16, clear, 1, 0.00034
282, p16, brush, 3, 0.00103
0, p17, pan, 1, 0.00021
1, p17, clear, 1, 0.00021
2, p17, brush, 4, 0.00086
3, p17, clear, 1, 0.00021
4, p17, brush, 16, 0.00343
5, p17, clear, 1, 0.00021
6, p17, brush, 1, 0.00021
7, p17, clear, 1, 0.00021
8, p17, brush, 2, 0.00043
9, p17, clear, 1, 0.00021
10, p17, brush, 2, 0.00043
11, p17, clear, 1, 0.00021
12, p17, brush, 9, 0.00193
13, p17, clear, 1, 0.00021
14, p17, brush, 13, 0.00278
15, p17, clear, 1, 0.00021
16, p17, brush, 4, 0.00086
17, p17, clear, 1, 0.00021
18, p17, brush, 3, 0.00064
19, p17, clear, 1, 0.00021
20, p17, brush, 15, 0.00321
21, p17, clear, 1, 0.00021
22, p17, brush, 1, 0.00021
23, p17, clear, 1, 0.00021
24, p17, brush, 5, 0.00107
25, p17, clear, 1, 0.00021
26, p17, brush, 22, 0.00471
27, p17, clear, 1, 0.00021
28, p17, brush, 7, 0.00150
29, p17, clear, 1, 0.00021
30, p17, brush, 26, 0.00557
31, p17, clear, 1, 0.00021
32, p17, brush, 17, 0.00364
33, p17, clear, 1, 0.00021
34, p17, brush, 3, 0.00064
35, p17, clear, 1, 0.00021
36, p17, brush, 1, 0.00021
37, p17, clear, 1, 0.00021
38, p17, brush, 9, 0.00193
39, p17, clear, 1, 0.00021
40, p17, brush, 9, 0.00193
41, p17, clear, 1, 0.00021
42, p17, brush, 7, 0.00150
43, p17, clear, 1, 0.00021
44, p17, brush, 15, 0.00321
45, p17, clear, 1, 0.00021
46, p17, brush, 5, 0.00107
47, p17, clear, 1, 0.00021
48, p17, brush, 17, 0.00364
49, p17, range select, 15, 0.00321
50, p17, pan, 210, 0.04498
51, p17, range select, 19, 0.00407
52, p17, pan, 1, 0.00021
53, p17, zoom, 1, 0.00021
54, p17, pan, 1, 0.00021
55, p17, zoom, 1, 0.00021
56, p17, pan, 1, 0.00021
57, p17, zoom, 1, 0.00021
58, p17, pan, 1, 0.00021
59, p17, zoom, 1, 0.00021
60, p17, pan, 558, 0.11951
61, p17, zoom, 1, 0.00021
62, p17, pan, 1, 0.00021
63, p17, zoom, 1, 0.00021
64, p17, pan, 28, 0.00600
65, p17, zoom, 1, 0.00021
66, p17, pan, 3, 0.00064
67, p17, zoom, 1, 0.00021
68, p17, pan, 26, 0.00557
69, p17, zoom, 1, 0.00021
70, p17, pan, 1, 0.00021
71, p17, zoom, 1, 0.00021
72, p17, pan, 26, 0.00557
73, p17, zoom, 1, 0.00021
74, p17, pan, 22, 0.00471
75, p17, zoom, 1, 0.00021
76, p17, pan, 1, 0.00021
77, p17, zoom, 1, 0.00021
78, p17, pan, 1, 0.00021
79, p17, zoom, 1, 0.00021
80, p17, pan, 1, 0.00021
81, p17, zoom, 1, 0.00021
82, p17, pan, 1, 0.00021
83, p17, zoom, 1, 0.00021
84, p17, pan, 1, 0.00021
85, p17, zoom, 1, 0.00021
86, p17, pan, 33, 0.00707
87, p17, zoom, 1, 0.00021
88, p17, pan, 1, 0.00021
89, p17, range select, 14, 0.00300
90, p17, pan, 2, 0.00043
91, p17, range select, 1, 0.00021
92, p17, pan, 1, 0.00021
93, p17, zoom, 1, 0.00021
94, p17, pan, 1, 0.00021
95, p17, zoom, 1, 0.00021
96, p17, pan, 18, 0.00386
97, p17, zoom, 1, 0.00021
98, p17, pan, 1, 0.00021
99, p17, zoom, 1, 0.00021
100, p17, pan, 3, 0.00064
101, p17, zoom, 1, 0.00021
102, p17, pan, 23, 0.00493
103, p17, zoom, 1, 0.00021
104, p17, pan, 56, 0.01199
105, p17, zoom, 1, 0.00021
106, p17, pan, 1, 0.00021
107, p17, zoom, 1, 0.00021
108, p17, pan, 1, 0.00021
109, p17, zoom, 1, 0.00021
110, p17, pan, 1, 0.00021
111, p17, zoom, 1, 0.00021
112, p17, pan, 1, 0.00021
113, p17, zoom, 1, 0.00021
114, p17, pan, 14, 0.00300
115, p17, zoom, 1, 0.00021
116, p17, pan, 50, 0.01071
117, p17, zoom, 1, 0.00021
118, p17, pan, 20, 0.00428
119, p17, zoom, 1, 0.00021
120, p17, pan, 4, 0.00086
121, p17, zoom, 1, 0.00021
122, p17, pan, 3, 0.00064
123, p17, zoom, 1, 0.00021
124, p17, pan, 13, 0.00278
125, p17, zoom, 1, 0.00021
126, p17, pan, 12, 0.00257
127, p17, zoom, 1, 0.00021
128, p17, pan, 58, 0.01242
129, p17, zoom, 1, 0.00021
130, p17, pan, 3, 0.00064
131, p17, zoom, 1, 0.00021
132, p17, pan, 1, 0.00021
133, p17, zoom, 1, 0.00021
134, p17, pan, 1, 0.00021
135, p17, zoom, 1, 0.00021
136, p17, pan, 1, 0.00021
137, p17, zoom, 1, 0.00021
138, p17, pan, 50, 0.01071
139, p17, zoom, 1, 0.00021
140, p17, pan, 36, 0.00771
141, p17, zoom, 1, 0.00021
142, p17, pan, 24, 0.00514
143, p17, zoom, 1, 0.00021
144, p17, pan, 1, 0.00021
145, p17, zoom, 1, 0.00021
146, p17, pan, 1, 0.00021
147, p17, zoom, 1, 0.00021
148, p17, pan, 1, 0.00021
149, p17, zoom, 1, 0.00021
150, p17, pan, 1, 0.00021
151, p17, zoom, 1, 0.00021
152, p17, pan, 1, 0.00021
153, p17, zoom, 1, 0.00021
154, p17, pan, 1, 0.00021
155, p17, zoom, 1, 0.00021
156, p17, pan, 1, 0.00021
157, p17, zoom, 1, 0.00021
158, p17, pan, 1, 0.00021
159, p17, zoom, 1, 0.00021
160, p17, pan, 1, 0.00021
161, p17, zoom, 1, 0.00021
162, p17, pan, 31, 0.00664
163, p17, zoom, 1, 0.00021
164, p17, pan, 1, 0.00021
165, p17, zoom, 1, 0.00021
166, p17, pan, 1, 0.00021
167, p17, zoom, 1, 0.00021
168, p17, pan, 1, 0.00021
169, p17, zoom, 1, 0.00021
170, p17, pan, 1, 0.00021
171, p17, zoom, 1, 0.00021
172, p17, pan, 1, 0.00021
173, p17, zoom, 1, 0.00021
174, p17, pan, 1, 0.00021
175, p17, zoom, 1, 0.00021
176, p17, pan, 14, 0.00300
177, p17, range select, 1, 0.00021
178, p17, pan, 41, 0.00878
179, p17, clear, 1, 0.00021
180, p17, brush, 1, 0.00021
181, p17, range select, 1, 0.00021
182, p17, pan, 64, 0.01371
183, p17, zoom, 1, 0.00021
184, p17, pan, 1, 0.00021
185, p17, zoom, 1, 0.00021
186, p17, pan, 17, 0.00364
187, p17, zoom, 1, 0.00021
188, p17, pan, 1, 0.00021
189, p17, zoom, 1, 0.00021
190, p17, pan, 56, 0.01199
191, p17, zoom, 1, 0.00021
192, p17, pan, 1, 0.00021
193, p17, zoom, 1, 0.00021
194, p17, pan, 18, 0.00386
195, p17, zoom, 1, 0.00021
196, p17, pan, 35, 0.00750
197, p17, zoom, 1, 0.00021
198, p17, pan, 1, 0.00021
199, p17, zoom, 1, 0.00021
200, p17, pan, 1, 0.00021
201, p17, zoom, 1, 0.00021
202, p17, pan, 1, 0.00021
203, p17, zoom, 1, 0.00021
204, p17, pan, 23, 0.00493
205, p17, zoom, 1, 0.00021
206, p17, pan, 104, 0.02227
207, p17, zoom, 1, 0.00021
208, p17, pan, 19, 0.00407
209, p17, zoom, 1, 0.00021
210, p17, pan, 172, 0.03684
211, p17, zoom, 1, 0.00021
212, p17, pan, 1, 0.00021
213, p17, zoom, 1, 0.00021
214, p17, pan, 60, 0.01285
215, p17, zoom, 1, 0.00021
216, p17, pan, 1, 0.00021
217, p17, zoom, 1, 0.00021
218, p17, pan, 1, 0.00021
219, p17, zoom, 1, 0.00021
220, p17, pan, 2, 0.00043
221, p17, zoom, 1, 0.00021
222, p17, pan, 1, 0.00021
223, p17, zoom, 1, 0.00021
224, p17, pan, 1, 0.00021
225, p17, zoom, 1, 0.00021
226, p17, pan, 169, 0.03620
227, p17, range select, 1, 0.00021
228, p17, pan, 45, 0.00964
229, p17, zoom, 1, 0.00021
230, p17, pan, 90, 0.01928
231, p17, zoom, 1, 0.00021
232, p17, pan, 8, 0.00171
233, p17, zoom, 1, 0.00021
234, p17, pan, 31, 0.00664
235, p17, zoom, 1, 0.00021
236, p17, pan, 1, 0.00021
237, p17, zoom, 1, 0.00021
238, p17, pan, 224, 0.04798
239, p17, zoom, 1, 0.00021
240, p17, pan, 1, 0.00021
241, p17, zoom, 1, 0.00021
242, p17, pan, 1, 0.00021
243, p17, zoom, 1, 0.00021
244, p17, pan, 133, 0.02849
245, p17, zoom, 1, 0.00021
246, p17, pan, 11, 0.00236
247, p17, zoom, 1, 0.00021
248, p17, pan, 1, 0.00021
249, p17, zoom, 1, 0.00021
250, p17, pan, 122, 0.02613
251, p17, zoom, 1, 0.00021
252, p17, pan, 28, 0.00600
253, p17, zoom, 1, 0.00021
254, p17, pan, 16, 0.00343
255, p17, zoom, 1, 0.00021
256, p17, pan, 25, 0.00535
257, p17, clear, 1, 0.00021
258, p17, brush, 12, 0.00257
259, p17, clear, 1, 0.00021
260, p17, brush, 2, 0.00043
261, p17, clear, 1, 0.00021
262, p17, brush, 2, 0.00043
263, p17, clear, 1, 0.00021
264, p17, brush, 3, 0.00064
265, p17, clear, 1, 0.00021
266, p17, brush, 6, 0.00129
267, p17, clear, 1, 0.00021
268, p17, brush, 4, 0.00086
269, p17, clear, 1, 0.00021
270, p17, brush, 52, 0.01114
271, p17, clear, 1, 0.00021
272, p17, brush, 4, 0.00086
273, p17, clear, 1, 0.00021
274, p17, brush, 11, 0.00236
275, p17, clear, 1, 0.00021
276, p17, brush, 5, 0.00107
277, p17, clear, 1, 0.00021
278, p17, brush, 1, 0.00021
279, p17, clear, 1, 0.00021
280, p17, brush, 1, 0.00021
281, p17, clear, 1, 0.00021
282, p17, brush, 3, 0.00064
283, p17, range select, 2, 0.00043
284, p17, pan, 113, 0.02420
285, p17, range select, 1, 0.00021
286, p17, pan, 187, 0.04005
287, p17, clear, 1, 0.00021
288, p17, brush, 6, 0.00129
289, p17, clear, 1, 0.00021
290, p17, brush, 15, 0.00321
291, p17, clear, 1, 0.00021
292, p17, brush, 3, 0.00064
293, p17, clear, 1, 0.00021
294, p17, brush, 51, 0.01092
295, p17, clear, 1, 0.00021
296, p17, brush, 16, 0.00343
297, p17, clear, 1, 0.00021
298, p17, brush, 18, 0.00386
299, p17, clear, 1, 0.00021
300, p17, brush, 85, 0.01821
301, p17, clear, 1, 0.00021
302, p17, brush, 43, 0.00921
303, p17, clear, 1, 0.00021
304, p17, brush, 2, 0.00043
305, p17, clear, 1, 0.00021
306, p17, brush, 1, 0.00021
307, p17, clear, 1, 0.00021
308, p17, brush, 1, 0.00021
309, p17, clear, 1, 0.00021
310, p17, brush, 2, 0.00043
311, p17, clear, 1, 0.00021
312, p17, brush, 10, 0.00214
313, p17, clear, 1, 0.00021
314, p17, pan, 32, 0.00685
315, p17, clear, 1, 0.00021
316, p17, brush, 23, 0.00493
317, p17, clear, 1, 0.00021
318, p17, pan, 239, 0.05119
319, p17, clear, 1, 0.00021
320, p17, brush, 29, 0.00621
321, p17, range select, 1, 0.00021
322, p17, clear, 1, 0.00021
323, p17, brush, 9, 0.00193
324, p17, clear, 1, 0.00021
325, p17, brush, 15, 0.00321
326, p17, clear, 1, 0.00021
327, p17, brush, 2, 0.00043
328, p17, range select, 1, 0.00021
329, p17, pan, 30, 0.00643
330, p17, range select, 2, 0.00043
331, p17, pan, 17, 0.00364
332, p17, clear, 1, 0.00021
333, p17, brush, 17, 0.00364
334, p17, range select, 1, 0.00021
335, p17, pan, 104, 0.02227
336, p17, clear, 1, 0.00021
337, p17, brush, 13, 0.00278
338, p17, clear, 1, 0.00021
339, p17, brush, 3, 0.00064
340, p17, clear, 1, 0.00021
341, p17, brush, 74, 0.01585
342, p17, clear, 1, 0.00021
343, p17, brush, 9, 0.00193
344, p17, clear, 1, 0.00021
345, p17, brush, 1, 0.00021
346, p17, clear, 1, 0.00021
347, p17, brush, 1, 0.00021
348, p17, clear, 1, 0.00021
349, p17, brush, 117, 0.02506
350, p17, clear, 1, 0.00021
351, p17, brush, 23, 0.00493
352, p17, clear, 1, 0.00021
353, p17, brush, 2, 0.00043
354, p17, clear, 1, 0.00021
355, p17, brush, 1, 0.00021
0, p4, pan, 189, 0.02504
1, p4, clear, 1, 0.00013
2, p4, pan, 1, 0.00013
3, p4, zoom, 1, 0.00013
4, p4, pan, 10, 0.00133
5, p4, zoom, 1, 0.00013
6, p4, pan, 7, 0.00093
7, p4, zoom, 1, 0.00013
8, p4, pan, 355, 0.04704
9, p4, zoom, 1, 0.00013
10, p4, pan, 1, 0.00013
11, p4, range select, 2, 0.00027
12, p4, clear, 1, 0.00013
13, p4, range select, 8, 0.00106
14, p4, pan, 1, 0.00013
15, p4, zoom, 1, 0.00013
16, p4, pan, 9, 0.00119
17, p4, range select, 204, 0.02703
18, p4, pan, 6, 0.00080
19, p4, range select, 14, 0.00186
20, p4, pan, 12, 0.00159
21, p4, range select, 14, 0.00186
22, p4, pan, 1, 0.00013
23, p4, zoom, 1, 0.00013
24, p4, pan, 1, 0.00013
25, p4, zoom, 1, 0.00013
26, p4, pan, 1, 0.00013
27, p4, range select, 19, 0.00252
28, p4, pan, 58, 0.00769
29, p4, range select, 24, 0.00318
30, p4, clear, 1, 0.00013
31, p4, brush, 2, 0.00027
32, p4, clear, 1, 0.00013
33, p4, brush, 6, 0.00080
34, p4, clear, 1, 0.00013
35, p4, brush, 8, 0.00106
36, p4, clear, 1, 0.00013
37, p4, brush, 3, 0.00040
38, p4, clear, 1, 0.00013
39, p4, brush, 3, 0.00040
40, p4, clear, 1, 0.00013
41, p4, range select, 88, 0.01166
42, p4, pan, 1, 0.00013
43, p4, zoom, 1, 0.00013
44, p4, pan, 38, 0.00504
45, p4, range select, 32, 0.00424
46, p4, clear, 1, 0.00013
47, p4, brush, 1, 0.00013
48, p4, range select, 68, 0.00901
49, p4, clear, 1, 0.00013
50, p4, range select, 17, 0.00225
51, p4, clear, 1, 0.00013
52, p4, range select, 22, 0.00292
53, p4, clear, 1, 0.00013
54, p4, brush, 2, 0.00027
55, p4, clear, 1, 0.00013
56, p4, pan, 1, 0.00013
57, p4, zoom, 1, 0.00013
58, p4, pan, 1, 0.00013
59, p4, zoom, 1, 0.00013
60, p4, pan, 1, 0.00013
61, p4, zoom, 1, 0.00013
62, p4, pan, 3, 0.00040
63, p4, zoom, 1, 0.00013
64, p4, pan, 1, 0.00013
65, p4, zoom, 1, 0.00013
66, p4, pan, 37, 0.00490
67, p4, range select, 146, 0.01935
68, p4, pan, 1, 0.00013
69, p4, zoom, 1, 0.00013
70, p4, pan, 1, 0.00013
71, p4, zoom, 1, 0.00013
72, p4, pan, 21, 0.00278
73, p4, zoom, 1, 0.00013
74, p4, pan, 1, 0.00013
75, p4, zoom, 1, 0.00013
76, p4, pan, 1, 0.00013
77, p4, range select, 20, 0.00265
78, p4, pan, 1, 0.00013
79, p4, zoom, 1, 0.00013
80, p4, pan, 1, 0.00013
81, p4, zoom, 1, 0.00013
82, p4, pan, 1, 0.00013
83, p4, zoom, 1, 0.00013
84, p4, pan, 1, 0.00013
85, p4, zoom, 1, 0.00013
86, p4, pan, 33, 0.00437
87, p4, zoom, 1, 0.00013
88, p4, pan, 1, 0.00013
89, p4, zoom, 1, 0.00013
90, p4, pan, 1, 0.00013
91, p4, zoom, 1, 0.00013
92, p4, pan, 1, 0.00013
93, p4, zoom, 1, 0.00013
94, p4, pan, 4, 0.00053
95, p4, range select, 15, 0.00199
96, p4, pan, 1, 0.00013
97, p4, zoom, 1, 0.00013
98, p4, pan, 1, 0.00013
99, p4, zoom, 1, 0.00013
100, p4, pan, 1, 0.00013
101, p4, zoom, 1, 0.00013
102, p4, pan, 1, 0.00013
103, p4, zoom, 1, 0.00013
104, p4, pan, 1, 0.00013
105, p4, zoom, 1, 0.00013
106, p4, pan, 1, 0.00013
107, p4, zoom, 1, 0.00013
108, p4, pan, 1, 0.00013
109, p4, zoom, 1, 0.00013
110, p4, pan, 1, 0.00013
111, p4, zoom, 1, 0.00013
112, p4, pan, 1, 0.00013
113, p4, zoom, 1, 0.00013
114, p4, pan, 1, 0.00013
115, p4, zoom, 1, 0.00013
116, p4, pan, 1, 0.00013
117, p4, zoom, 1, 0.00013
118, p4, pan, 14, 0.00186
119, p4, zoom, 1, 0.00013
120, p4, pan, 1, 0.00013
121, p4, zoom, 1, 0.00013
122, p4, pan, 1, 0.00013
123, p4, zoom, 1, 0.00013
124, p4, pan, 33, 0.00437
125, p4, range select, 38, 0.00504
126, p4, clear, 1, 0.00013
127, p4, brush, 1, 0.00013
128, p4, clear, 1, 0.00013
129, p4, pan, 1, 0.00013
130, p4, zoom, 1, 0.00013
131, p4, pan, 1, 0.00013
132, p4, zoom, 1, 0.00013
133, p4, pan, 1, 0.00013
134, p4, range select, 121, 0.01603
135, p4, clear, 1, 0.00013
136, p4, pan, 1, 0.00013
137, p4, zoom, 1, 0.00013
138, p4, pan, 1, 0.00013
139, p4, zoom, 1, 0.00013
140, p4, pan, 1, 0.00013
141, p4, zoom, 1, 0.00013
142, p4, pan, 1, 0.00013
143, p4, zoom, 1, 0.00013
144, p4, pan, 1, 0.00013
145, p4, zoom, 1, 0.00013
146, p4, pan, 1, 0.00013
147, p4, zoom, 1, 0.00013
148, p4, pan, 1, 0.00013
149, p4, zoom, 1, 0.00013
150, p4, pan, 1, 0.00013
151, p4, range select, 93, 0.01232
152, p4, pan, 32, 0.00424
153, p4, range select, 2, 0.00027
154, p4, pan, 44, 0.00583
155, p4, range select, 1, 0.00013
156, p4, pan, 1, 0.00013
157, p4, zoom, 1, 0.00013
158, p4, pan, 1, 0.00013
159, p4, zoom, 1, 0.00013
160, p4, pan, 20, 0.00265
161, p4, range select, 15, 0.00199
162, p4, clear, 1, 0.00013
163, p4, brush, 3, 0.00040
164, p4, range select, 8, 0.00106
165, p4, pan, 1, 0.00013
166, p4, zoom, 1, 0.00013
167, p4, pan, 1, 0.00013
168, p4, zoom, 1, 0.00013
169, p4, pan, 1, 0.00013
170, p4, range select, 3, 0.00040
171, p4, clear, 1, 0.00013
172, p4, brush, 68, 0.00901
173, p4, clear, 1, 0.00013
174, p4, brush, 12, 0.00159
175, p4, clear, 1, 0.00013
176, p4, brush, 5, 0.00066
177, p4, clear, 1, 0.00013
178, p4, brush, 1, 0.00013
179, p4, clear, 1, 0.00013
180, p4, brush, 22, 0.00292
181, p4, range select, 1, 0.00013
182, p4, pan, 1, 0.00013
183, p4, zoom, 1, 0.00013
184, p4, pan, 1, 0.00013
185, p4, zoom, 1, 0.00013
186, p4, pan, 1, 0.00013
187, p4, zoom, 1, 0.00013
188, p4, pan, 15, 0.00199
189, p4, zoom, 1, 0.00013
190, p4, pan, 1, 0.00013
191, p4, zoom, 1, 0.00013
192, p4, pan, 1, 0.00013
193, p4, zoom, 1, 0.00013
194, p4, pan, 1, 0.00013
195, p4, zoom, 1, 0.00013
196, p4, pan, 1, 0.00013
197, p4, zoom, 1, 0.00013
198, p4, pan, 1, 0.00013
199, p4, range select, 121, 0.01603
200, p4, pan, 1, 0.00013
201, p4, range select, 119, 0.01577
202, p4, pan, 1, 0.00013
203, p4, zoom, 1, 0.00013
204, p4, pan, 14, 0.00186
205, p4, range select, 4, 0.00053
206, p4, pan, 1, 0.00013
207, p4, zoom, 1, 0.00013
208, p4, pan, 11, 0.00146
209, p4, range select, 334, 0.04426
210, p4, clear, 1, 0.00013
211, p4, brush, 36, 0.00477
212, p4, clear, 1, 0.00013
213, p4, brush, 27, 0.00358
214, p4, clear, 1, 0.00013
215, p4, brush, 1, 0.00013
216, p4, clear, 1, 0.00013
217, p4, pan, 1, 0.00013
218, p4, zoom, 1, 0.00013
219, p4, pan, 1, 0.00013
220, p4, zoom, 1, 0.00013
221, p4, pan, 1, 0.00013
222, p4, clear, 1, 0.00013
223, p4, brush, 11, 0.00146
224, p4, clear, 1, 0.00013
225, p4, brush, 34, 0.00451
226, p4, clear, 1, 0.00013
227, p4, brush, 5, 0.00066
228, p4, clear, 1, 0.00013
229, p4, brush, 3, 0.00040
230, p4, clear, 1, 0.00013
231, p4, brush, 28, 0.00371
232, p4, range select, 1, 0.00013
233, p4, pan, 1, 0.00013
234, p4, zoom, 1, 0.00013
235, p4, pan, 1, 0.00013
236, p4, zoom, 1, 0.00013
237, p4, pan, 1, 0.00013
238, p4, clear, 1, 0.00013
239, p4, brush, 67, 0.00888
240, p4, clear, 1, 0.00013
241, p4, brush, 11, 0.00146
242, p4, clear, 1, 0.00013
243, p4, brush, 28, 0.00371
244, p4, range select, 1, 0.00013
245, p4, clear, 1, 0.00013
246, p4, brush, 1, 0.00013
247, p4, range select, 1, 0.00013
248, p4, pan, 1, 0.00013
249, p4, zoom, 1, 0.00013
250, p4, pan, 1, 0.00013
251, p4, zoom, 1, 0.00013
252, p4, pan, 1, 0.00013
253, p4, zoom, 1, 0.00013
254, p4, pan, 1, 0.00013
255, p4, zoom, 1, 0.00013
256, p4, pan, 1, 0.00013
257, p4, clear, 1, 0.00013
258, p4, brush, 30, 0.00398
259, p4, clear, 1, 0.00013
260, p4, brush, 55, 0.00729
261, p4, clear, 1, 0.00013
262, p4, brush, 34, 0.00451
263, p4, clear, 1, 0.00013
264, p4, brush, 11, 0.00146
265, p4, clear, 1, 0.00013
266, p4, brush, 12, 0.00159
267, p4, clear, 1, 0.00013
268, p4, brush, 18, 0.00239
269, p4, clear, 1, 0.00013
270, p4, brush, 1, 0.00013
271, p4, clear, 1, 0.00013
272, p4, pan, 1, 0.00013
273, p4, zoom, 1, 0.00013
274, p4, pan, 1, 0.00013
275, p4, zoom, 1, 0.00013
276, p4, pan, 1, 0.00013
277, p4, clear, 1, 0.00013
278, p4, brush, 6, 0.00080
279, p4, clear, 1, 0.00013
280, p4, brush, 206, 0.02730
281, p4, clear, 1, 0.00013
282, p4, brush, 92, 0.01219
283, p4, clear, 1, 0.00013
284, p4, brush, 30, 0.00398
285, p4, clear, 1, 0.00013
286, p4, brush, 32, 0.00424
287, p4, clear, 1, 0.00013
288, p4, brush, 93, 0.01232
289, p4, clear, 1, 0.00013
290, p4, brush, 105, 0.01391
291, p4, clear, 1, 0.00013
292, p4, brush, 278, 0.03684
293, p4, clear, 1, 0.00013
294, p4, brush, 30, 0.00398
295, p4, clear, 1, 0.00013
296, p4, brush, 64, 0.00848
297, p4, clear, 1, 0.00013
298, p4, brush, 15, 0.00199
299, p4, clear, 1, 0.00013
300, p4, brush, 28, 0.00371
301, p4, clear, 1, 0.00013
302, p4, brush, 23, 0.00305
303, p4, clear, 1, 0.00013
304, p4, brush, 23, 0.00305
305, p4, clear, 1, 0.00013
306, p4, brush, 73, 0.00967
307, p4, clear, 1, 0.00013
308, p4, brush, 60, 0.00795
309, p4, clear, 1, 0.00013
310, p4, pan, 1, 0.00013
311, p4, zoom, 1, 0.00013
312, p4, pan, 1, 0.00013
313, p4, zoom, 1, 0.00013
314, p4, pan, 1, 0.00013
315, p4, zoom, 1, 0.00013
316, p4, pan, 97, 0.01285
317, p4, range select, 13, 0.00172
318, p4, pan, 1, 0.00013
319, p4, zoom, 1, 0.00013
320, p4, pan, 1, 0.00013
321, p4, zoom, 1, 0.00013
322, p4, pan, 1, 0.00013
323, p4, zoom, 1, 0.00013
324, p4, pan, 71, 0.00941
325, p4, range select, 1, 0.00013
326, p4, clear, 1, 0.00013
327, p4, brush, 12, 0.00159
328, p4, clear, 1, 0.00013
329, p4, brush, 2, 0.00027
330, p4, clear, 1, 0.00013
331, p4, brush, 12, 0.00159
332, p4, clear, 1, 0.00013
333, p4, brush, 10, 0.00133
334, p4, clear, 1, 0.00013
335, p4, brush, 4, 0.00053
336, p4, clear, 1, 0.00013
337, p4, pan, 17, 0.00225
338, p4, clear, 1, 0.00013
339, p4, brush, 1, 0.00013
340, p4, clear, 1, 0.00013
341, p4, brush, 24, 0.00318
342, p4, clear, 1, 0.00013
343, p4, brush, 18, 0.00239
344, p4, clear, 1, 0.00013
345, p4, brush, 42, 0.00557
346, p4, clear, 1, 0.00013
347, p4, brush, 31, 0.00411
348, p4, clear, 1, 0.00013
349, p4, brush, 16, 0.00212
350, p4, clear, 1, 0.00013
351, p4, brush, 24, 0.00318
352, p4, clear, 1, 0.00013
353, p4, brush, 11, 0.00146
354, p4, clear, 1, 0.00013
355, p4, brush, 18, 0.00239
356, p4, clear, 1, 0.00013
357, p4, brush, 192, 0.02544
358, p4, clear, 1, 0.00013
359, p4, brush, 28, 0.00371
360, p4, clear, 1, 0.00013
361, p4, brush, 2, 0.00027
362, p4, clear, 1, 0.00013
363, p4, brush, 2, 0.00027
364, p4, clear, 1, 0.00013
365, p4, brush, 3, 0.00040
366, p4, clear, 1, 0.00013
367, p4, brush, 51, 0.00676
368, p4, clear, 1, 0.00013
369, p4, brush, 92, 0.01219
370, p4, clear, 1, 0.00013
371, p4, brush, 4, 0.00053
372, p4, clear, 1, 0.00013
373, p4, brush, 4, 0.00053
374, p4, clear, 1, 0.00013
375, p4, brush, 18, 0.00239
376, p4, clear, 1, 0.00013
377, p4, brush, 44, 0.00583
378, p4, clear, 1, 0.00013
379, p4, brush, 35, 0.00464
380, p4, clear, 1, 0.00013
381, p4, brush, 8, 0.00106
382, p4, clear, 1, 0.00013
383, p4, brush, 336, 0.04452
384, p4, clear, 1, 0.00013
385, p4, brush, 126, 0.01670
386, p4, clear, 1, 0.00013
387, p4, brush, 35, 0.00464
388, p4, pan, 17, 0.00225
389, p4, zoom, 1, 0.00013
390, p4, pan, 8, 0.00106
391, p4, zoom, 1, 0.00013
392, p4, pan, 20, 0.00265
393, p4, clear, 1, 0.00013
394, p4, brush, 160, 0.02120
395, p4, clear, 1, 0.00013
396, p4, brush, 274, 0.03631
397, p4, pan, 1, 0.00013
398, p4, zoom, 1, 0.00013
399, p4, pan, 1, 0.00013
400, p4, clear, 1, 0.00013
401, p4, brush, 1, 0.00013
402, p4, clear, 1, 0.00013
403, p4, brush, 31, 0.00411
404, p4, clear, 1, 0.00013
405, p4, brush, 32, 0.00424
406, p4, clear, 1, 0.00013
407, p4, brush, 26, 0.00345
408, p4, clear, 1, 0.00013
409, p4, brush, 179, 0.02372
410, p4, clear, 1, 0.00013
411, p4, brush, 47, 0.00623
412, p4, clear, 1, 0.00013
413, p4, brush, 16, 0.00212
414, p4, clear, 1, 0.00013
415, p4, brush, 12, 0.00159
416, p4, clear, 1, 0.00013
417, p4, pan, 1, 0.00013
418, p4, zoom, 1, 0.00013
419, p4, pan, 69, 0.00914
420, p4, zoom, 1, 0.00013
421, p4, pan, 495, 0.06559
422, p4, clear, 1, 0.00013
423, p4, pan, 211, 0.02796
424, p4, clear, 1, 0.00013
425, p4, pan, 45, 0.00596
426, p4, clear, 1, 0.00013
427, p4, pan, 1, 0.00013
428, p4, zoom, 1, 0.00013
429, p4, pan, 1, 0.00013
430, p4, zoom, 1, 0.00013
431, p4, pan, 1, 0.00013
432, p4, zoom, 1, 0.00013
433, p4, pan, 1, 0.00013
434, p4, zoom, 1, 0.00013
435, p4, pan, 1, 0.00013
436, p4, zoom, 1, 0.00013
437, p4, pan, 1, 0.00013
438, p4, zoom, 1, 0.00013
439, p4, pan, 1, 0.00013
440, p4, clear, 1, 0.00013
441, p4, brush, 36, 0.00477
442, p4, clear, 1, 0.00013
443, p4, brush, 1, 0.00013
444, p4, clear, 1, 0.00013
445, p4, brush, 113, 0.01497
446, p4, clear, 1, 0.00013
447, p4, brush, 33, 0.00437
448, p4, clear, 1, 0.00013
449, p4, brush, 30, 0.00398
450, p4, clear, 1, 0.00013
451, p4, brush, 11, 0.00146
0, p5, clear, 1, 0.00051
1, p5, brush, 2, 0.00102
2, p5, range select, 2, 0.00102
3, p5, pan, 41, 0.02088
4, p5, clear, 1, 0.00051
5, p5, brush, 2, 0.00102
6, p5, range select, 1, 0.00051
7, p5, pan, 267, 0.13595
8, p5, range select, 5, 0.00255
9, p5, pan, 131, 0.06670
10, p5, range select, 9, 0.00458
11, p5, pan, 26, 0.01324
12, p5, range select, 8, 0.00407
13, p5, clear, 1, 0.00051
14, p5, brush, 2, 0.00102
15, p5, range select, 1, 0.00051
16, p5, clear, 1, 0.00051
17, p5, brush, 23, 0.01171
18, p5, range select, 6, 0.00305
19, p5, clear, 1, 0.00051
20, p5, pan, 188, 0.09572
21, p5, clear, 1, 0.00051
22, p5, pan, 26, 0.01324
23, p5, clear, 1, 0.00051
24, p5, pan, 90, 0.04582
25, p5, zoom, 1, 0.00051
26, p5, pan, 1, 0.00051
27, p5, zoom, 1, 0.00051
28, p5, pan, 40, 0.02037
29, p5, zoom, 1, 0.00051
30, p5, pan, 1, 0.00051
31, p5, clear, 1, 0.00051
32, p5, pan, 1, 0.00051
33, p5, zoom, 1, 0.00051
34, p5, pan, 1, 0.00051
35, p5, zoom, 1, 0.00051
36, p5, pan, 1, 0.00051
37, p5, zoom, 1, 0.00051
38, p5, pan, 1, 0.00051
39, p5, zoom, 1, 0.00051
40, p5, pan, 1, 0.00051
41, p5, zoom, 1, 0.00051
42, p5, pan, 1, 0.00051
43, p5, zoom, 1, 0.00051
44, p5, pan, 1, 0.00051
45, p5, zoom, 1, 0.00051
46, p5, pan, 1, 0.00051
47, p5, zoom, 1, 0.00051
48, p5, pan, 1, 0.00051
49, p5, zoom, 1, 0.00051
50, p5, pan, 37, 0.01884
51, p5, zoom, 1, 0.00051
52, p5, pan, 1, 0.00051
53, p5, zoom, 1, 0.00051
54, p5, pan, 1, 0.00051
55, p5, zoom, 1, 0.00051
56, p5, pan, 14, 0.00713
57, p5, zoom, 1, 0.00051
58, p5, pan, 20, 0.01018
59, p5, zoom, 1, 0.00051
60, p5, pan, 1, 0.00051
61, p5, zoom, 1, 0.00051
62, p5, pan, 1, 0.00051
63, p5, zoom, 1, 0.00051
64, p5, pan, 1, 0.00051
65, p5, zoom, 1, 0.00051
66, p5, pan, 1, 0.00051
67, p5, clear, 1, 0.00051
68, p5, brush, 1, 0.00051
69, p5, range select, 4, 0.00204
70, p5, pan, 18, 0.00916
71, p5, zoom, 1, 0.00051
72, p5, pan, 1, 0.00051
73, p5, zoom, 1, 0.00051
74, p5, pan, 1, 0.00051
75, p5, zoom, 1, 0.00051
76, p5, pan, 34, 0.01731
77, p5, zoom, 1, 0.00051
78, p5, pan, 1, 0.00051
79, p5, zoom, 1, 0.00051
80, p5, pan, 1, 0.00051
81, p5, clear, 1, 0.00051
82, p5, brush, 6, 0.00305
83, p5, clear, 1, 0.00051
84, p5, brush, 1, 0.00051
85, p5, range select, 1, 0.00051
86, p5, pan, 1, 0.00051
87, p5, zoom, 1, 0.00051
88, p5, pan, 68, 0.03462
89, p5, range select, 7, 0.00356
90, p5, pan, 27, 0.01375
91, p5, range select, 1, 0.00051
92, p5, clear, 1, 0.00051
93, p5, brush, 1, 0.00051
94, p5, range select, 1, 0.00051
95, p5, clear, 1, 0.00051
96, p5, brush, 1, 0.00051
97, p5, range select, 1, 0.00051
98, p5, pan, 16, 0.00815
99, p5, range select, 5, 0.00255
100, p5, clear, 1, 0.00051
101, p5, brush, 1, 0.00051
102, p5, range select, 50, 0.02546
103, p5, clear, 1, 0.00051
104, p5, brush, 1, 0.00051
105, p5, range select, 210, 0.10692
106, p5, clear, 1, 0.00051
107, p5, brush, 1, 0.00051
108, p5, range select, 24, 0.01222
109, p5, clear, 1, 0.00051
110, p5, pan, 53, 0.02699
111, p5, range select, 45, 0.02291
112, p5, clear, 1, 0.00051
113, p5, brush, 2, 0.00102
114, p5, clear, 1, 0.00051
115, p5, brush, 1, 0.00051
116, p5, clear, 1, 0.00051
117, p5, brush, 3, 0.00153
118, p5, clear, 1, 0.00051
119, p5, brush, 2, 0.00102
120, p5, clear, 1, 0.00051
121, p5, pan, 12, 0.00611
122, p5, zoom, 1, 0.00051
123, p5, pan, 1, 0.00051
124, p5, zoom, 1, 0.00051
125, p5, pan, 14, 0.00713
126, p5, zoom, 1, 0.00051
127, p5, pan, 78, 0.03971
128, p5, range select, 64, 0.03259
129, p5, clear, 1, 0.00051
130, p5, pan, 1, 0.00051
131, p5, zoom, 1, 0.00051
132, p5, pan, 1, 0.00051
133, p5, zoom, 1, 0.00051
134, p5, pan, 19, 0.00967
135, p5, range select, 16, 0.00815
136, p5, pan, 1, 0.00051
137, p5, zoom, 1, 0.00051
138, p5, pan, 1, 0.00051
139, p5, zoom, 1, 0.00051
140, p5, pan, 48, 0.02444
141, p5, range select, 40, 0.02037
142, p5, pan, 9, 0.00458
143, p5, zoom, 1, 0.00051
144, p5, pan, 1, 0.00051
145, p5, zoom, 1, 0.00051
146, p5, pan, 1, 0.00051
147, p5, clear, 1, 0.00051
148, p5, pan, 14, 0.00713
149, p5, range select, 33, 0.01680
150, p5, pan, 14, 0.00713
151, p5, zoom, 1, 0.00051
152, p5, pan, 1, 0.00051
153, p5, zoom, 1, 0.00051
154, p5, pan, 13, 0.00662
155, p5, zoom, 1, 0.00051
156, p5, pan, 11, 0.00560
157, p5, range select, 22, 0.01120
158, p5, clear, 1, 0.00051
159, p5, pan, 1, 0.00051
160, p5, zoom, 1, 0.00051
161, p5, pan, 1, 0.00051
162, p5, zoom, 1, 0.00051
163, p5, pan, 1, 0.00051
164, p5, zoom, 1, 0.00051
165, p5, pan, 1, 0.00051
166, p5, clear, 1, 0.00051
167, p5, brush, 1, 0.00051
168, p5, clear, 1, 0.00051
169, p5, brush, 3, 0.00153
170, p5, clear, 1, 0.00051
171, p5, pan, 10, 0.00509
172, p5, clear, 1, 0.00051
173, p5, pan, 1, 0.00051
174, p5, zoom, 1, 0.00051
175, p5, pan, 1, 0.00051
0, p8, brush, 2, 0.00088
1, p8, clear, 1, 0.00044
2, p8, brush, 3, 0.00132
3, p8, clear, 1, 0.00044
4, p8, brush, 1, 0.00044
5, p8, clear, 1, 0.00044
6, p8, brush, 7, 0.00307
7, p8, clear, 1, 0.00044
8, p8, brush, 1, 0.00044
9, p8, clear, 1, 0.00044
10, p8, brush, 32, 0.01405
11, p8, clear, 1, 0.00044
12, p8, brush, 21, 0.00922
13, p8, clear, 1, 0.00044
14, p8, brush, 5, 0.00220
15, p8, clear, 1, 0.00044
16, p8, pan, 37, 0.01625
17, p8, zoom, 1, 0.00044
18, p8, pan, 1, 0.00044
19, p8, zoom, 1, 0.00044
20, p8, pan, 1, 0.00044
21, p8, clear, 1, 0.00044
22, p8, brush, 3, 0.00132
23, p8, clear, 1, 0.00044
24, p8, brush, 1, 0.00044
25, p8, clear, 1, 0.00044
26, p8, brush, 23, 0.01010
27, p8, clear, 1, 0.00044
28, p8, pan, 1, 0.00044
29, p8, zoom, 1, 0.00044
30, p8, pan, 1, 0.00044
31, p8, zoom, 1, 0.00044
32, p8, pan, 1, 0.00044
33, p8, brush, 3, 0.00132
34, p8, clear, 1, 0.00044
35, p8, brush, 3, 0.00132
36, p8, clear, 1, 0.00044
37, p8, brush, 25, 0.01098
38, p8, clear, 1, 0.00044
39, p8, brush, 17, 0.00747
40, p8, clear, 1, 0.00044
41, p8, brush, 1, 0.00044
42, p8, clear, 1, 0.00044
43, p8, brush, 1, 0.00044
44, p8, clear, 1, 0.00044
45, p8, pan, 1, 0.00044
46, p8, zoom, 1, 0.00044
47, p8, pan, 24, 0.01054
48, p8, zoom, 1, 0.00044
49, p8, pan, 24, 0.01054
50, p8, range select, 49, 0.02152
51, p8, clear, 1, 0.00044
52, p8, brush, 1, 0.00044
53, p8, clear, 1, 0.00044
54, p8, pan, 80, 0.03513
55, p8, range select, 59, 0.02591
56, p8, pan, 52, 0.02284
57, p8, range select, 43, 0.01888
58, p8, clear, 1, 0.00044
59, p8, pan, 75, 0.03294
60, p8, range select, 39, 0.01713
61, p8, clear, 1, 0.00044
62, p8, brush, 1, 0.00044
63, p8, clear, 1, 0.00044
64, p8, brush, 1, 0.00044
65, p8, clear, 1, 0.00044
66, p8, brush, 1, 0.00044
67, p8, clear, 1, 0.00044
68, p8, pan, 1, 0.00044
69, p8, zoom, 1, 0.00044
70, p8, pan, 1, 0.00044
71, p8, zoom, 1, 0.00044
72, p8, pan, 25, 0.01098
73, p8, range select, 49, 0.02152
74, p8, clear, 1, 0.00044
75, p8, brush, 3, 0.00132
76, p8, clear, 1, 0.00044
77, p8, pan, 203, 0.08915
78, p8, clear, 1, 0.00044
79, p8, brush, 5, 0.00220
80, p8, clear, 1, 0.00044
81, p8, brush, 8, 0.00351
82, p8, clear, 1, 0.00044
83, p8, brush, 1, 0.00044
84, p8, clear, 1, 0.00044
85, p8, brush, 1, 0.00044
86, p8, clear, 1, 0.00044
87, p8, brush, 44, 0.01932
88, p8, clear, 1, 0.00044
89, p8, brush, 2, 0.00088
90, p8, clear, 1, 0.00044
91, p8, brush, 1, 0.00044
92, p8, clear, 1, 0.00044
93, p8, brush, 1, 0.00044
94, p8, clear, 1, 0.00044
95, p8, brush, 1, 0.00044
96, p8, range select, 19, 0.00834
97, p8, clear, 1, 0.00044
98, p8, brush, 5, 0.00220
99, p8, clear, 1, 0.00044
100, p8, brush, 1, 0.00044
101, p8, range select, 6, 0.00264
102, p8, clear, 1, 0.00044
103, p8, brush, 5, 0.00220
104, p8, clear, 1, 0.00044
105, p8, brush, 29, 0.01274
106, p8, clear, 1, 0.00044
107, p8, brush, 2, 0.00088
108, p8, clear, 1, 0.00044
109, p8, brush, 12, 0.00527
110, p8, clear, 1, 0.00044
111, p8, brush, 23, 0.01010
112, p8, clear, 1, 0.00044
113, p8, brush, 24, 0.01054
114, p8, clear, 1, 0.00044
115, p8, brush, 1, 0.00044
116, p8, clear, 1, 0.00044
117, p8, brush, 5, 0.00220
118, p8, clear, 1, 0.00044
119, p8, brush, 5, 0.00220
120, p8, clear, 1, 0.00044
121, p8, pan, 67, 0.02942
122, p8, clear, 1, 0.00044
123, p8, brush, 26, 0.01142
124, p8, clear, 1, 0.00044
125, p8, brush, 3, 0.00132
126, p8, clear, 1, 0.00044
127, p8, brush, 12, 0.00527
128, p8, clear, 1, 0.00044
129, p8, brush, 6, 0.00264
130, p8, clear, 1, 0.00044
131, p8, brush, 1, 0.00044
132, p8, clear, 1, 0.00044
133, p8, pan, 11, 0.00483
134, p8, brush, 1, 0.00044
135, p8, pan, 1, 0.00044
136, p8, brush, 1, 0.00044
137, p8, pan, 1, 0.00044
138, p8, brush, 1, 0.00044
139, p8, pan, 1, 0.00044
140, p8, clear, 1, 0.00044
141, p8, pan, 1, 0.00044
142, p8, clear, 1, 0.00044
143, p8, pan, 3, 0.00132
144, p8, clear, 1, 0.00044
145, p8, brush, 1, 0.00044
146, p8, pan, 9, 0.00395
147, p8, brush, 1, 0.00044
148, p8, pan, 1, 0.00044
149, p8, brush, 1, 0.00044
150, p8, pan, 1, 0.00044
151, p8, brush, 1, 0.00044
152, p8, pan, 1, 0.00044
153, p8, brush, 1, 0.00044
154, p8, pan, 1, 0.00044
155, p8, brush, 1, 0.00044
156, p8, pan, 1, 0.00044
157, p8, brush, 1, 0.00044
158, p8, pan, 1, 0.00044
159, p8, brush, 2, 0.00088
160, p8, pan, 14, 0.00615
161, p8, brush, 1, 0.00044
162, p8, pan, 1, 0.00044
163, p8, brush, 1, 0.00044
164, p8, pan, 1, 0.00044
165, p8, brush, 1, 0.00044
166, p8, pan, 1, 0.00044
167, p8, brush, 1, 0.00044
168, p8, pan, 1, 0.00044
169, p8, brush, 1, 0.00044
170, p8, pan, 1, 0.00044
171, p8, brush, 1, 0.00044
172, p8, pan, 1, 0.00044
173, p8, brush, 1, 0.00044
174, p8, pan, 1, 0.00044
175, p8, brush, 1, 0.00044
176, p8, pan, 1, 0.00044
177, p8, brush, 1, 0.00044
178, p8, pan, 1, 0.00044
179, p8, brush, 1, 0.00044
180, p8, clear, 1, 0.00044
181, p8, pan, 111, 0.04875
182, p8, brush, 2, 0.00088
183, p8, clear, 1, 0.00044
184, p8, brush, 11, 0.00483
185, p8, clear, 1, 0.00044
186, p8, brush, 12, 0.00527
187, p8, clear, 1, 0.00044
188, p8, brush, 1, 0.00044
189, p8, clear, 1, 0.00044
190, p8, pan, 28, 0.01230
191, p8, clear, 1, 0.00044
192, p8, brush, 22, 0.00966
193, p8, clear, 1, 0.00044
194, p8, brush, 1, 0.00044
195, p8, clear, 1, 0.00044
196, p8, brush, 1, 0.00044
197, p8, clear, 1, 0.00044
198, p8, brush, 1, 0.00044
199, p8, range select, 21, 0.00922
200, p8, clear, 1, 0.00044
201, p8, brush, 43, 0.01888
202, p8, clear, 1, 0.00044
203, p8, range select, 30, 0.01318
204, p8, pan, 1, 0.00044
205, p8, zoom, 1, 0.00044
206, p8, pan, 1, 0.00044
207, p8, zoom, 1, 0.00044
208, p8, pan, 1, 0.00044
209, p8, zoom, 1, 0.00044
210, p8, pan, 1, 0.00044
211, p8, zoom, 1, 0.00044
212, p8, pan, 1, 0.00044
213, p8, range select, 19, 0.00834
214, p8, pan, 1, 0.00044
215, p8, zoom, 1, 0.00044
216, p8, pan, 1, 0.00044
217, p8, zoom, 1, 0.00044
218, p8, pan, 1, 0.00044
219, p8, zoom, 1, 0.00044
220, p8, pan, 1, 0.00044
221, p8, zoom, 1, 0.00044
222, p8, pan, 1, 0.00044
223, p8, clear, 1, 0.00044
224, p8, brush, 1, 0.00044
225, p8, clear, 1, 0.00044
226, p8, brush, 5, 0.00220
227, p8, clear, 1, 0.00044
228, p8, brush, 2, 0.00088
229, p8, clear, 1, 0.00044
230, p8, brush, 9, 0.00395
231, p8, clear, 1, 0.00044
232, p8, brush, 11, 0.00483
233, p8, clear, 1, 0.00044
234, p8, brush, 12, 0.00527
235, p8, clear, 1, 0.00044
236, p8, brush, 3, 0.00132
237, p8, clear, 1, 0.00044
238, p8, pan, 131, 0.05753
239, p8, clear, 1, 0.00044
240, p8, pan, 1, 0.00044
241, p8, zoom, 1, 0.00044
242, p8, pan, 1, 0.00044
243, p8, zoom, 1, 0.00044
244, p8, pan, 1, 0.00044
245, p8, range select, 62, 0.02723
246, p8, clear, 1, 0.00044
247, p8, brush, 1, 0.00044
248, p8, clear, 1, 0.00044
249, p8, range select, 97, 0.04260
250, p8, clear, 1, 0.00044
251, p8, brush, 1, 0.00044
252, p8, clear, 1, 0.00044
253, p8, brush, 7, 0.00307
254, p8, clear, 1, 0.00044
255, p8, brush, 8, 0.00351
256, p8, clear, 1, 0.00044
257, p8, brush, 11, 0.00483
258, p8, clear, 1, 0.00044
259, p8, brush, 1, 0.00044
260, p8, clear, 1, 0.00044
261, p8, brush, 3, 0.00132
262, p8, clear, 1, 0.00044
263, p8, brush, 4, 0.00176
264, p8, clear, 1, 0.00044
265, p8, brush, 5, 0.00220
266, p8, clear, 1, 0.00044
267, p8, brush, 15, 0.00659
268, p8, clear, 1, 0.00044
269, p8, brush, 1, 0.00044
270, p8, clear, 1, 0.00044
271, p8, pan, 1, 0.00044
272, p8, zoom, 1, 0.00044
273, p8, pan, 1, 0.00044
274, p8, zoom, 1, 0.00044
275, p8, pan, 1, 0.00044
276, p8, clear, 1, 0.00044
277, p8, brush, 3, 0.00132
278, p8, clear, 1, 0.00044
279, p8, brush, 8, 0.00351
280, p8, clear, 1, 0.00044
281, p8, brush, 3, 0.00132
282, p8, clear, 1, 0.00044
283, p8, brush, 1, 0.00044
284, p8, clear, 1, 0.00044
285, p8, brush, 3, 0.00132
286, p8, clear, 1, 0.00044
287, p8, brush, 14, 0.00615
288, p8, clear, 1, 0.00044
289, p8, brush, 3, 0.00132
290, p8, clear, 1, 0.00044
291, p8, brush, 7, 0.00307
292, p8, clear, 1, 0.00044
293, p8, brush, 19, 0.00834
294, p8, clear, 1, 0.00044
295, p8, brush, 25, 0.01098
296, p8, clear, 1, 0.00044
297, p8, brush, 4, 0.00176
298, p8, clear, 1, 0.00044
299, p8, brush, 9, 0.00395
300, p8, clear, 1, 0.00044
301, p8, brush, 3, 0.00132
302, p8, clear, 1, 0.00044
303, p8, brush, 2, 0.00088
304, p8, clear, 1, 0.00044
305, p8, brush, 21, 0.00922
306, p8, clear, 1, 0.00044
307, p8, brush, 12, 0.00527
308, p8, pan, 20, 0.00878
309, p8, clear, 1, 0.00044
310, p8, brush, 8, 0.00351
311, p8, clear, 1, 0.00044
312, p8, brush, 16, 0.00703
313, p8, clear, 1, 0.00044
314, p8, brush, 1, 0.00044
315, p8, clear, 1, 0.00044
316, p8, brush, 1, 0.00044
317, p8, clear, 1, 0.00044
318, p8, brush, 2, 0.00088
319, p8, range select, 1, 0.00044
320, p8, clear, 1, 0.00044
321, p8, brush, 10, 0.00439
322, p8, clear, 1, 0.00044
323, p8, brush, 31, 0.01361
324, p8, clear, 1, 0.00044
325, p8, brush, 52, 0.02284
326, p8, clear, 1, 0.00044
327, p8, brush, 2, 0.00088
0, p9, clear, 1, 0.00021
1, p9, brush, 1, 0.00021
2, p9, clear, 1, 0.00021
3, p9, brush, 1, 0.00021
4, p9, clear, 1, 0.00021
5, p9, brush, 1, 0.00021
6, p9, range select, 1, 0.00021
7, p9, pan, 82, 0.01761
8, p9, zoom, 1, 0.00021
9, p9, pan, 1, 0.00021
10, p9, zoom, 1, 0.00021
11, p9, pan, 1, 0.00021
12, p9, zoom, 1, 0.00021
13, p9, pan, 1, 0.00021
14, p9, zoom, 1, 0.00021
15, p9, pan, 1, 0.00021
16, p9, zoom, 1, 0.00021
17, p9, pan, 1, 0.00021
18, p9, zoom, 1, 0.00021
19, p9, pan, 1, 0.00021
20, p9, zoom, 1, 0.00021
21, p9, pan, 13, 0.00279
22, p9, zoom, 1, 0.00021
23, p9, pan, 1, 0.00021
24, p9, zoom, 1, 0.00021
25, p9, pan, 1, 0.00021
26, p9, zoom, 1, 0.00021
27, p9, pan, 1, 0.00021
28, p9, zoom, 1, 0.00021
29, p9, pan, 1, 0.00021
30, p9, zoom, 1, 0.00021
31, p9, pan, 1, 0.00021
32, p9, zoom, 1, 0.00021
33, p9, pan, 1, 0.00021
34, p9, zoom, 1, 0.00021
35, p9, pan, 1, 0.00021
36, p9, range select, 1, 0.00021
37, p9, pan, 28, 0.00601
38, p9, zoom, 1, 0.00021
39, p9, pan, 14, 0.00301
40, p9, zoom, 1, 0.00021
41, p9, pan, 1, 0.00021
42, p9, zoom, 1, 0.00021
43, p9, pan, 7, 0.00150
44, p9, zoom, 1, 0.00021
45, p9, pan, 1, 0.00021
46, p9, zoom, 1, 0.00021
47, p9, pan, 1, 0.00021
48, p9, zoom, 1, 0.00021
49, p9, pan, 1, 0.00021
50, p9, zoom, 1, 0.00021
51, p9, pan, 12, 0.00258
52, p9, zoom, 1, 0.00021
53, p9, pan, 1, 0.00021
54, p9, zoom, 1, 0.00021
55, p9, pan, 1, 0.00021
56, p9, zoom, 1, 0.00021
57, p9, pan, 1, 0.00021
58, p9, zoom, 1, 0.00021
59, p9, pan, 1, 0.00021
60, p9, zoom, 1, 0.00021
61, p9, pan, 1, 0.00021
62, p9, zoom, 1, 0.00021
63, p9, pan, 1, 0.00021
64, p9, zoom, 1, 0.00021
65, p9, pan, 1, 0.00021
66, p9, range select, 4, 0.00086
67, p9, pan, 95, 0.02040
68, p9, range select, 1, 0.00021
69, p9, pan, 24, 0.00515
70, p9, range select, 37, 0.00795
71, p9, clear, 1, 0.00021
72, p9, brush, 26, 0.00558
73, p9, clear, 1, 0.00021
74, p9, brush, 26, 0.00558
75, p9, clear, 1, 0.00021
76, p9, brush, 4, 0.00086
77, p9, clear, 1, 0.00021
78, p9, brush, 32, 0.00687
79, p9, clear, 1, 0.00021
80, p9, brush, 21, 0.00451
81, p9, clear, 1, 0.00021
82, p9, brush, 7, 0.00150
83, p9, clear, 1, 0.00021
84, p9, brush, 1, 0.00021
85, p9, clear, 1, 0.00021
86, p9, brush, 4, 0.00086
87, p9, clear, 1, 0.00021
88, p9, brush, 31, 0.00666
89, p9, clear, 1, 0.00021
90, p9, brush, 65, 0.01396
91, p9, clear, 1, 0.00021
92, p9, brush, 31, 0.00666
93, p9, clear, 1, 0.00021
94, p9, brush, 37, 0.00795
95, p9, clear, 1, 0.00021
96, p9, brush, 10, 0.00215
97, p9, range select, 76, 0.01632
98, p9, pan, 1, 0.00021
99, p9, zoom, 1, 0.00021
100, p9, pan, 18, 0.00387
101, p9, zoom, 1, 0.00021
102, p9, pan, 1, 0.00021
103, p9, zoom, 1, 0.00021
104, p9, pan, 65, 0.01396
105, p9, zoom, 1, 0.00021
106, p9, pan, 27, 0.00580
107, p9, zoom, 1, 0.00021
108, p9, pan, 1, 0.00021
109, p9, zoom, 1, 0.00021
110, p9, pan, 1, 0.00021
111, p9, clear, 1, 0.00021
112, p9, brush, 5, 0.00107
113, p9, clear, 1, 0.00021
114, p9, range select, 275, 0.05905
115, p9, clear, 1, 0.00021
116, p9, pan, 31, 0.00666
117, p9, range select, 39, 0.00837
118, p9, pan, 10, 0.00215
119, p9, range select, 318, 0.06828
120, p9, pan, 1, 0.00021
121, p9, zoom, 1, 0.00021
122, p9, pan, 13, 0.00279
123, p9, zoom, 1, 0.00021
124, p9, pan, 8, 0.00172
125, p9, zoom, 1, 0.00021
126, p9, pan, 8, 0.00172
127, p9, range select, 23, 0.00494
128, p9, pan, 1, 0.00021
129, p9, zoom, 1, 0.00021
130, p9, pan, 1, 0.00021
131, p9, zoom, 1, 0.00021
132, p9, pan, 28, 0.00601
133, p9, range select, 141, 0.03028
134, p9, pan, 6, 0.00129
135, p9, zoom, 1, 0.00021
136, p9, pan, 1, 0.00021
137, p9, zoom, 1, 0.00021
138, p9, pan, 13, 0.00279
139, p9, range select, 33, 0.00709
140, p9, clear, 1, 0.00021
141, p9, pan, 1, 0.00021
142, p9, zoom, 1, 0.00021
143, p9, pan, 1, 0.00021
144, p9, zoom, 1, 0.00021
145, p9, pan, 1, 0.00021
146, p9, zoom, 1, 0.00021
147, p9, pan, 25, 0.00537
148, p9, clear, 1, 0.00021
149, p9, pan, 12, 0.00258
150, p9, range select, 107, 0.02298
151, p9, clear, 1, 0.00021
152, p9, brush, 1, 0.00021
153, p9, clear, 1, 0.00021
154, p9, range select, 34, 0.00730
155, p9, pan, 19, 0.00408
156, p9, range select, 34, 0.00730
157, p9, pan, 18, 0.00387
158, p9, zoom, 1, 0.00021
159, p9, pan, 12, 0.00258
160, p9, zoom, 1, 0.00021
161, p9, pan, 15, 0.00322
162, p9, zoom, 1, 0.00021
163, p9, pan, 1, 0.00021
164, p9, zoom, 1, 0.00021
165, p9, pan, 22, 0.00472
166, p9, range select, 36, 0.00773
167, p9, pan, 1, 0.00021
168, p9, zoom, 1, 0.00021
169, p9, pan, 17, 0.00365
170, p9, zoom, 1, 0.00021
171, p9, pan, 36, 0.00773
172, p9, zoom, 1, 0.00021
173, p9, pan, 13, 0.00279
174, p9, zoom, 1, 0.00021
175, p9, pan, 30, 0.00644
176, p9, zoom, 1, 0.00021
177, p9, pan, 1, 0.00021
178, p9, zoom, 1, 0.00021
179, p9, pan, 1, 0.00021
180, p9, zoom, 1, 0.00021
181, p9, pan, 1, 0.00021
182, p9, zoom, 1, 0.00021
183, p9, pan, 1, 0.00021
184, p9, zoom, 1, 0.00021
185, p9, pan, 1, 0.00021
186, p9, zoom, 1, 0.00021
187, p9, pan, 14, 0.00301
188, p9, zoom, 1, 0.00021
189, p9, pan, 1, 0.00021
190, p9, zoom, 1, 0.00021
191, p9, pan, 13, 0.00279
192, p9, zoom, 1, 0.00021
193, p9, pan, 78, 0.01675
194, p9, zoom, 1, 0.00021
195, p9, pan, 72, 0.01546
196, p9, zoom, 1, 0.00021
197, p9, pan, 1, 0.00021
198, p9, zoom, 1, 0.00021
199, p9, pan, 1, 0.00021
200, p9, zoom, 1, 0.00021
201, p9, pan, 33, 0.00709
202, p9, zoom, 1, 0.00021
203, p9, pan, 504, 0.10822
204, p9, zoom, 1, 0.00021
205, p9, pan, 1, 0.00021
206, p9, zoom, 1, 0.00021
207, p9, pan, 1, 0.00021
208, p9, zoom, 1, 0.00021
209, p9, pan, 1, 0.00021
210, p9, range select, 15, 0.00322
211, p9, clear, 1, 0.00021
212, p9, pan, 1, 0.00021
213, p9, zoom, 1, 0.00021
214, p9, pan, 1, 0.00021
215, p9, zoom, 1, 0.00021
216, p9, pan, 41, 0.00880
217, p9, clear, 1, 0.00021
218, p9, pan, 40, 0.00859
219, p9, range select, 30, 0.00644
220, p9, pan, 1, 0.00021
221, p9, zoom, 1, 0.00021
222, p9, pan, 1, 0.00021
223, p9, zoom, 1, 0.00021
224, p9, pan, 1, 0.00021
225, p9, zoom, 1, 0.00021
226, p9, pan, 1, 0.00021
227, p9, zoom, 1, 0.00021
228, p9, pan, 22, 0.00472
229, p9, zoom, 1, 0.00021
230, p9, pan, 1, 0.00021
231, p9, zoom, 1, 0.00021
232, p9, pan, 18, 0.00387
233, p9, zoom, 1, 0.00021
234, p9, pan, 109, 0.02341
235, p9, zoom, 1, 0.00021
236, p9, pan, 1, 0.00021
237, p9, range select, 45, 0.00966
238, p9, pan, 7, 0.00150
239, p9, zoom, 1, 0.00021
240, p9, pan, 1, 0.00021
241, p9, zoom, 1, 0.00021
242, p9, pan, 1, 0.00021
243, p9, zoom, 1, 0.00021
244, p9, pan, 1, 0.00021
245, p9, zoom, 1, 0.00021
246, p9, pan, 1, 0.00021
247, p9, range select, 339, 0.07279
248, p9, pan, 3, 0.00064
249, p9, zoom, 1, 0.00021
250, p9, pan, 16, 0.00344
251, p9, zoom, 1, 0.00021
252, p9, pan, 12, 0.00258
253, p9, range select, 443, 0.09513
254, p9, pan, 1, 0.00021
255, p9, zoom, 1, 0.00021
256, p9, pan, 1, 0.00021
257, p9, zoom, 1, 0.00021
258, p9, pan, 8, 0.00172
259, p9, range select, 53, 0.01138
260, p9, clear, 1, 0.00021
261, p9, brush, 2, 0.00043
262, p9, clear, 1, 0.00021
263, p9, pan, 1, 0.00021
264, p9, zoom, 1, 0.00021
265, p9, pan, 8, 0.00172
266, p9, zoom, 1, 0.00021
267, p9, pan, 6, 0.00129
268, p9, zoom, 1, 0.00021
269, p9, pan, 8, 0.00172
270, p9, zoom, 1, 0.00021
271, p9, pan, 21, 0.00451
272, p9, zoom, 1, 0.00021
273, p9, pan, 15, 0.00322
274, p9, clear, 1, 0.00021
275, p9, pan, 1, 0.00021
276, p9, zoom, 1, 0.00021
277, p9, pan, 7, 0.00150
278, p9, zoom, 1, 0.00021
279, p9, pan, 126, 0.02706
280, p9, zoom, 1, 0.00021
281, p9, pan, 1, 0.00021
282, p9, zoom, 1, 0.00021
283, p9, pan, 72, 0.01546
284, p9, zoom, 1, 0.00021
285, p9, pan, 11, 0.00236
286, p9, zoom, 1, 0.00021
287, p9, pan, 1, 0.00021
288, p9, zoom, 1, 0.00021
289, p9, pan, 13, 0.00279
290, p9, zoom, 1, 0.00021
291, p9, pan, 9, 0.00193
292, p9, zoom, 1, 0.00021
293, p9, pan, 3, 0.00064
294, p9, zoom, 1, 0.00021
295, p9, pan, 1, 0.00021
296, p9, zoom, 1, 0.00021
297, p9, pan, 94, 0.02018
298, p9, zoom, 1, 0.00021
299, p9, pan, 91, 0.01954
300, p9, range select, 24, 0.00515
